{
	"ticks": 900,
	"structureId": "machines:reprocessor",
	"inputs": [
	{
	"type": "mm:input/consume",
		"ingredient": {
			"type": "mm:energy",
			"amount": 12000
		}
	},
	{
	"type": "mm:input/consume",
		"ingredient": {
			"type": "mm:item",
			"item": "minecraft:crying_obsidian",
			"count": 1
		}
	}
	],
	"outputs": [
	{
	"type": "mm:output/simple",
		"ingredient": {
			"type": "mm:item",
			"item": "minecraft:obsidian",
			"count": 1
		}
	},
	{
	"type": "mm:output/simple",
		"ingredient": {
			"type": "mm:item",
			"item": "minecraft:lapis_lazuli",
			"count": 3
		}
	},
	{
	"type": "mm:output/simple",
	"chance": 0.5,
		"ingredient": {
			"type": "mm:item",
			"item": "minecraft:lapis_lazuli",
			"count": 3
		}
	},
	{
	"type": "mm:output/simple",
		"ingredient": {
			"type": "mm:fluid",
			"fluid": "cofh_core:experience",
			"amount": 100
		}
	}
  ]
}