{
	"ticks": 300,
	"structureId": "machines:reprocessor",
	"inputs": [
	{
	"type": "mm:input/consume",
		"ingredient": {
			"type": "mm:energy",
			"amount": 8000
		}
	},
	{
	"type": "mm:input/consume",
		"ingredient": {
			"type": "mm:item",
			"item": "minecraft:enchanted_golden_apple",
			"count": 1
		}
	}
	],
	"outputs": [
	{
	"type": "mm:output/simple",
		"ingredient": {
			"type": "mm:item",
			"item": "minecraft:gold_ingot",
			"count": 32
		}
	},
	{
	"type": "mm:output/simple",
	"chance": 0.5,
		"ingredient": {
			"type": "mm:item",
			"item": "minecraft:gold_ingot",
			"count": 16
		}
	},
	{
	"type": "mm:output/simple",
		"ingredient": {
			"type": "mm:fluid",
			"fluid": "cofh_core:experience",
			"amount": 250
		}
	}
  ]
}