{
	"ticks": 300,
	"structureId": "machines:reprocessor",
	"inputs": [
	{
	"type": "mm:input/consume",
		"ingredient": {
			"type": "mm:energy",
			"amount": 8000
		}
	},
	{
	"type": "mm:input/consume",
		"ingredient": {
			"type": "mm:item",
			"item": "alexscaves:game_controller",
			"count": 1
		}
	}
	],
	"outputs": [
	{
	"type": "mm:output/simple",
		"ingredient": {
			"type": "mm:item",
			"item": "alexscaves:polymer_plate",
			"count": 6
		}
	},
	{
	"type": "mm:output/simple",
	"chance": 0.5,
		"ingredient": {
			"type": "mm:item",
			"item": "alexscaves:polymer_plate",
			"count": 4
		}
	},
	{
	"type": "mm:output/simple",
	"chance": 0.5,
		"ingredient": {
			"type": "mm:item",
			"item": "minecraft:gold_nugget",
			"count": 12
		}
	},
	{
	"type": "mm:output/simple",
	"chance": 0.35,
		"ingredient": {
			"type": "mm:item",
			"item": "xycraft_world:aluminum_nugget",
			"count": 4
		}
	},
	{
	"type": "mm:output/simple",
	"chance": 0.4,
		"ingredient": {
			"type": "mm:item",
			"item": "thermal:nickel_nugget",
			"count": 8
		}
	},
	{
	"type": "mm:output/simple",
	"chance": 0.45,
		"ingredient": {
			"type": "mm:item",
			"item": "thermal:silver_nugget",
			"count": 6
		}
	},
	{
	"type": "mm:output/simple",
	"chance": 0.25,
		"ingredient": {
			"type": "mm:item",
			"item": "thermal:steel_nugget",
			"count": 2
		}
	}
  ]
}