{
	"ticks": 300,
	"structureId": "machines:reprocessor",
	"inputs": [
	{
	"type": "mm:input/consume",
		"ingredient": {
			"type": "mm:energy",
			"amount": 4000
		}
	},
	{
	"type": "mm:input/consume",
		"ingredient": {
			"type": "mm:item",
			"tag": "revolution:dense_coals",
			"count": 1
		}
	}
	],
	"outputs": [
	{
	"type": "mm:output/simple",
		"ingredient": {
			"type": "mm:item",
			"item": "biggerreactors:graphite_ingot",
			"count": 2
		}
	},
	{
	"type": "mm:output/simple",
	"chance": 0.5,
		"ingredient": {
			"type": "mm:item",
			"item": "biggerreactors:graphite_ingot",
			"count": 1
		}
	}
  ]
}