{
	"ticks": 400,
	"structureId": "machines:reprocessor",
	"inputs": [
	{
	"type": "mm:input/consume",
		"ingredient": {
			"type": "mm:energy",
			"amount": 4000
		}
	},
	{
	"type": "mm:input/consume",
		"ingredient": {
			"type": "mm:item",
			"item": "minecraft:sculk_sensor",
			"count": 1
		}
	}
	],
	"outputs": [
	{
	"type": "mm:output/simple",
	"chance": 0.25,
		"ingredient": {
			"type": "mm:item",
			"item": "minecraft:echo_shard",
			"count": 1
		}
	},
	{
	"type": "mm:output/simple",
		"ingredient": {
			"type": "mm:fluid",
			"fluid": "cofh_core:experience",
			"amount": 80
		}
	}
  ]
}