{
	"ticks": 300,
	"structureId": "machines:reprocessor",
	"inputs": [
	{
	"type": "mm:input/consume",
		"ingredient": {
			"type": "mm:energy",
			"amount": 4000
		}
	},
	{
	"type": "mm:input/consume",
		"ingredient": {
			"type": "mm:item",
			"item": "bettertridents:trident_fragment",
			"count": 1
		}
	}
	],
	"outputs": [
	{
	"type": "mm:output/simple",
		"ingredient": {
			"type": "mm:item",
			"item": "minecraft:bone_meal",
			"count": 6
		}
	},
	{
	"type": "mm:output/simple",
	"chance": 0.5,
		"ingredient": {
			"type": "mm:item",
			"item": "minecraft:white_dye",
			"count": 3
		}
	}
  ]
}