{
	"ticks": 600,
	"structureId": "machines:reprocessor",
	"inputs": [
	{
	"type": "mm:input/consume",
		"ingredient": {
			"type": "mm:energy",
			"amount": 12000
		}
	},
	{
	"type": "mm:input/consume",
		"ingredient": {
			"type": "mm:item",
			"item": "alexscaves:waste_drum",
			"count": 1
		}
	}
	],
	"outputs": [
	{
	"type": "mm:output/simple",
		"ingredient": {
			"type": "mm:item",
			"item": "alexscaves:rusty_barrel",
			"count": 1
		}
	},
	{
	"type": "mm:output/simple",
		"ingredient": {
			"type": "mm:item",
			"item": "biggerreactors:cyanite_ingot",
			"count": 2
		}
	},
	{
	"type": "mm:output/simple",
	"chance": 0.5,
		"ingredient": {
			"type": "mm:item",
			"item": "biggerreactors:cyanite_ingot",
			"count": 1
		}
	},
	{
	"type": "mm:output/simple",
	"chance": 0.1,
		"ingredient": {
			"type": "mm:item",
			"item": "biggerreactors:uranium_ingot",
			"count": 1
		}
	}
  ]
}