{
	"ticks": 150,
	"structureId": "machines:shredder",
	"inputs": [
	{
	"type": "mm:input/consume",
		"ingredient": {
			"type": "mm:energy",
			"amount": 1500
		}
	},
	{
	"type": "mm:input/consume",
		"ingredient": {
			"type": "mm:item",
			"tag": "revolution:scrappable/gold_small",
			"count": 1
		}
	}
	],
	"outputs": [
	{
	"type": "mm:output/simple",
		"ingredient": {
			"type": "mm:item",
			"item": "kubejs:tiny_gold_scrap",
			"count": 1
		}
	},
	{
	"type": "mm:output/simple",
		"ingredient": {
			"type": "mm:fluid",
			"fluid": "cofh_core:experience",
			"amount": 3
		}
	}
  ]
}