{
	"ticks": 300,
	"structureId": "machines:shredder",
	"inputs": [
	{
	"type": "mm:input/consume",
		"ingredient": {
			"type": "mm:energy",
			"amount": 2000
		}
	},
	{
	"type": "mm:input/consume",
		"ingredient": {
			"type": "mm:item",
			"item": "alexscaves:polymer_plate",
			"count": 1
		}
	}
	],
	"outputs": [
	{
	"type": "mm:output/simple",
	"chance": 0.5,
		"ingredient": {
			"type": "mm:item",
			"item": "alexscaves:sulfur_dust",
			"count": 1
		}
	},
	{
	"type": "mm:output/simple",
	"chance": 0.15,
		"ingredient": {
			"type": "mm:item",
			"item": "alexscaves:toxic_paste",
			"count": 1
		}
	},
	{
	"type": "mm:output/simple",
	"chance": 0.1,
		"ingredient": {
			"type": "mm:item",
			"item": "quark:clear_shard",
			"count": 1
		}
	},
	{
	"type": "mm:output/simple",
		"ingredient": {
			"type": "mm:item",
			"item": "kubejs:tiny_iron_scrap",
			"count": 2
		}
	},
	{
	"type": "mm:output/simple",
	"chance": 0.25,
		"ingredient": {
			"type": "mm:item",
			"item": "kubejs:tiny_iron_scrap",
			"count": 1
		}
	},
	{
	"type": "mm:output/simple",
		"ingredient": {
			"type": "mm:fluid",
			"fluid": "cofh_core:experience",
			"amount": 10
		}
	}
  ]
}