{
    "content": {
        "tnt": {
            "type": "item",
			"rarity": "COMMON",
            "content": "minecraft:tnt",
            "amount": {
                "min": 1,
                "max": 4
            },
            "unitWorth": 50
        },
        "tiny_tnt": {
            "type": "item",
			"rarity": "UNCOMMON",
            "content": "ae2:tiny_tnt",
            "amount": {
                "min": 2,
                "max": 8
            },
            "unitWorth": 15
        },
        "tnt_minecart": {
            "type": "item",
			"rarity": "RARE",
            "content": "minecraft:tnt_minecart",
            "amount": {
                "min": 1,
                "max": 3
            },
            "unitWorth": 65
        },
        "broken_pickaxe": {
            "type": "item",
			"rarity": "UNCOMMON",
            "content": "forestry:broken_bronze_pickaxe",
            "amount": {
                "min": 1,
                "max": 1
            },
            "unitWorth": 50
        },
        "broken_shovel": {
            "type": "item",
			"rarity": "UNCOMMON",
            "content": "forestry:broken_bronze_shovel",
            "amount": {
                "min": 1,
                "max": 1
            },
            "unitWorth": 50
        },
        "blast_protection_1": {
            "type": "item",
			"rarity": "UNCOMMON",
            "content": "minecraft:enchanted_book",
            "amount": {
                "min": 1,
                "max": 2
            },
			"nbt": "{StoredEnchantments:[{id:\"minecraft:blast_protection\",lvl:1s}]}",
            "unitWorth": 75,
			"weightMult": 0.75
        },
        "blast_protection_2": {
            "type": "item",
			"rarity": "UNCOMMON",
            "content": "minecraft:enchanted_book",
            "amount": {
                "min": 1,
                "max": 2
            },
			"nbt": "{StoredEnchantments:[{id:\"minecraft:blast_protection\",lvl:2s}]}",
            "unitWorth": 150,
			"weightMult": 0.6
        },
        "blast_protection_3": {
            "type": "item",
			"rarity": "UNCOMMON",
            "content": "minecraft:enchanted_book",
            "amount": {
                "min": 1,
                "max": 2
            },
			"nbt": "{StoredEnchantments:[{id:\"minecraft:blast_protection\",lvl:3s}]}",
            "unitWorth": 225,
			"weightMult": 0.45
        },
        "blast_protection_4": {
            "type": "item",
			"rarity": "UNCOMMON",
            "content": "minecraft:enchanted_book",
            "amount": {
                "min": 1,
                "max": 2
            },
			"nbt": "{StoredEnchantments:[{id:\"minecraft:blast_protection\",lvl:4s}]}",
            "unitWorth": 350,
			"weightMult": 0.25
        }
    }
}