{
    "content": {
        "salt": {
            "type": "item",
			"rarity": "COMMON",
            "content": "minecraft:iron_nugget",
            "amount": {
                "min": 1,
                "max": 18
            },
            "unitWorth": 3,
			"weightMult": 0.75
        },
        "salt": {
            "type": "item",
			"rarity": "COMMON",
            "content": "mekanism:salt",
            "amount": {
                "min": 1,
                "max": 8
            },
            "unitWorth": 5
        },
        "sulfur": {
            "type": "item",
			"rarity": "UNCOMMON",
            "content": "mekanism:dust_sulfur",
            "amount": {
                "min": 1,
                "max": 4
            },
            "unitWorth": 15
        }
    }
}