{
    "content": {
        "gold_ingot": {
            "type": "item",
			"rarity": "COMMON",
            "content": "minecraft:gold_ingot",
            "amount": {
                "min": 1,
                "max": 8
            },
            "unitWorth": 5
        },
        "prestige_pittance": {
            "type": "item",
			"rarity": "UNCOMMON",
            "content": "kubejs:prestige_pittance",
            "amount": {
                "min": 1,
                "max": 10
            },
            "unitWorth": 25,
			"weightMult": 0.9
        }
    }
}