{
    "content": {
        "emerald": {
            "type": "item",
			"rarity": "COMMON",
            "content": "minecraft:emerald",
            "amount": {
                "min": 1,
                "max": 4
            },
            "unitWorth": 1
        },
        "silver_coin": {
            "type": "item",
			"rarity": "UNCOMMON",
            "content": "essentiallycurrency:iron_coin",
            "amount": {
                "min": 16,
                "max": 32
            },
            "unitWorth": 3
        },
        "gold_coin": {
            "type": "item",
			"rarity": "UNCOMMON",
            "content": "essentiallycurrency:gold_coin",
            "amount": {
                "min": 16,
                "max": 32
            },
            "unitWorth": 5
        },
        "diamond_coin": {
            "type": "item",
			"rarity": "RARE",
            "content": "essentiallycurrency:diamond_coin",
            "amount": {
                "min": 8,
                "max": 16
            },
            "unitWorth": 10
        },
        "emerald_coin": {
            "type": "item",
			"rarity": "EPIC",
            "content": "essentiallycurrency:emerald_coin",
            "amount": {
                "min": 8,
                "max": 16
            },
            "unitWorth": 20
        },
        "netherite_coin": {
            "type": "item",
			"rarity": "LEGENDARY",
            "content": "essentiallycurrency:netherite_coin",
            "amount": {
                "min": 4,
                "max": 8
            },
            "unitWorth": 35
        }
    }
}