{
    "content": {
        "crafting_elixir": {
            "type": "item",
			"rarity": "UNCOMMON",
            "content": "kubejs:crafting_elixir",
            "amount": {
                "min": 1,
                "max": 4
            },
            "unitWorth": 10
        },
        "iron_ingot": {
            "type": "item",
			"rarity": "COMMON",
            "content": "minecraft:iron_ingot",
            "amount": {
                "min": 2,
                "max": 8
            },
            "unitWorth": 10
        },
        "gold_ingot": {
            "type": "item",
			"rarity": "UNCOMMON",
            "content": "minecraft:gold_ingot",
            "amount": {
                "min": 2,
                "max": 8
            },
            "unitWorth": 25
        },
        "bronze_ingot": {
            "type": "item",
			"rarity": "UNCOMMON",
            "content": "forestry:ingot_bronze",
            "amount": {
                "min": 1,
                "max": 4
            },
            "unitWorth": 50,
			"weightMult": 0.95
        },
        "diamond": {
            "type": "item",
			"rarity": "RARE",
            "content": "minecraft:diamond",
            "amount": {
                "min": 1,
                "max": 2
            },
            "unitWorth": 250
        },
        "redstone": {
            "type": "item",
			"rarity": "UNCOMMON",
            "content": "minecraft:redstone",
            "amount": {
                "min": 4,
                "max": 16
            },
            "unitWorth": 20
        },
        "coal": {
            "type": "item",
			"rarity": "COMMON",
            "content": "minecraft:coal",
            "amount": {
                "min": 4,
                "max": 16
            },
            "unitWorth": 15
        },
        "charcoal": {
            "type": "item",
			"rarity": "COMMON",
            "content": "minecraft:charcoal",
            "amount": {
                "min": 2,
                "max": 12
            },
            "unitWorth": 15
        },
        "electrotine": {
            "type": "item",
			"rarity": "UNCOMMON",
            "content": "projectred_core:electrotine_dust",
            "amount": {
                "min": 4,
                "max": 8
            },
            "unitWorth": 20
        },
        "lava_can": {
            "type": "item",
			"rarity": "UNCOMMON",
            "content": "forestry:can",
            "amount": {
                "min": 1,
                "max": 4
            },
			"nbt": "{Damage:1,Fluid:{Amount:1000,FluidName:\"minecraft:lava\"}}",
            "unitWorth": 100,
			"weightMult": 0.75
        },
        "photovoltaic_cell": {
            "type": "item",
			"rarity": "RARE",
            "content": "mekanismgenerators:solar_panel",
            "amount": {
                "min": 1,
                "max": 3
            },
            "unitWorth": 25
        }
    }
}