{
    "content": {
        "fluorite": {
            "type": "item",
			"rarity": "UNCOMMON",
            "content": "#forge:gems/fluorite",
            "amount": {
                "min": 2,
                "max": 16
            },
            "unitWorth": 15
        },
        "circuit_plates": {
            "type": "item",
			"rarity": "COMMON",
            "content": "projectred_core:plate",
            "amount": {
                "min": 2,
                "max": 100
            },
            "unitWorth": 1,
			"weightMult": 0.5
        },
        "copper_gears": {
            "type": "item",
			"rarity": "COMMON",
            "content": "forestry:gear_copper",
            "amount": {
                "min": 2,
                "max": 4
            },
            "unitWorth": 5
        },
        "tin_gears": {
            "type": "item",
			"rarity": "UNCOMMON",
            "content": "forestry:gear_tin",
            "amount": {
                "min": 2,
                "max": 4
            },
            "unitWorth": 10
        },
        "bronze_gears": {
            "type": "item",
			"rarity": "UNCOMMON",
            "content": "forestry:gear_bronze",
            "amount": {
                "min": 3,
                "max": 6
            },
            "unitWorth": 20,
			"weightMult": 0.9
        },
        "basic_circuits": {
            "type": "item_tag",
			"rarity": "UNCOMMON",
            "content": "forge:circuits/basic",
            "amount": {
                "min": 4,
                "max": 8
            },
            "unitWorth": 25
        },
        "advanced_circuits": {
            "type": "item_tag",
			"rarity": "UNCOMMON",
            "content": "forge:circuits/advanced",
            "amount": {
                "min": 3,
                "max": 6
            },
            "unitWorth": 25,
			"weightMult": 0.8
        },
        "elite_circuits": {
            "type": "item_tag",
			"rarity": "RARE",
            "content": "forge:circuits/elite",
            "amount": {
                "min": 2,
                "max": 4
            },
            "unitWorth": 50
        },
        "ultimate_circuits": {
            "type": "item_tag",
			"rarity": "RARE",
            "content": "forge:circuits/ultimate",
            "amount": {
                "min": 1,
                "max": 2
            },
            "unitWorth": 125,
			"weightMult": 0.8
        },
        "logic_processor": {
            "type": "item",
			"rarity": "UNCOMMON",
            "content": "ae2:logic_processor",
            "amount": {
                "min": 1,
                "max": 4
            },
            "unitWorth": 150,
			"weightMult": 0.5
        },
        "calculation_processor": {
            "type": "item",
			"rarity": "UNCOMMON",
            "content": "ae2:calculation_processor",
            "amount": {
                "min": 2,
                "max": 4
            },
            "unitWorth": 125,
			"weightMult": 0.5
        },
        "engineering_processor": {
            "type": "item",
			"rarity": "RARE",
            "content": "ae2:engineering_processor",
            "amount": {
                "min": 1,
                "max": 2
            },
            "unitWorth": 250,
			"weightMult": 0.5
        },
        "genetic_processor": {
            "type": "item",
			"rarity": "RARE",
            "content": "gendustry:genetics_processor",
            "amount": {
                "min": 1,
                "max": 4
            },
            "unitWorth": 500
        },
        "reprocessed_fissile_fragment": {
            "type": "item",
			"rarity": "RARE",
            "content": "mekanism:reprocessed_fissile_fragment",
            "amount": {
                "min": 1,
                "max": 4
            },
            "unitWorth": 500
        }
    }
}