{
    "content": {
        "apatite": {
            "type": "item_tag",
			"rarity": "COMMON",
            "content": "forge:gems/apatite",
            "amount": {
                "min": 1,
                "max": 32
            },
            "unitWorth": 5
        },
        "ruby": {
            "type": "item_tag",
			"rarity": "COMMON",
            "content": "forge:gems/ruby",
            "amount": {
                "min": 1,
                "max": 4
            },
            "unitWorth": 20
        },
        "peridot": {
            "type": "item_tag",
			"rarity": "COMMON",
            "content": "forge:gems/peridot",
            "amount": {
                "min": 1,
                "max": 4
            },
            "unitWorth": 20
        },
        "sapphire": {
            "type": "item_tag",
			"rarity": "COMMON",
            "content": "forge:gems/sapphire",
            "amount": {
                "min": 1,
                "max": 4
            },
            "unitWorth": 20
        },
        "nether_quartz": {
            "type": "item",
			"rarity": "COMMON",
            "content": "minecraft:quartz",
            "amount": {
                "min": 1,
                "max": 24
            },
            "unitWorth": 25
        },
        "amethyst": {
            "type": "item",
			"rarity": "COMMON",
            "content": "minecraft:amethyst",
            "amount": {
                "min": 1,
                "max": 16
            },
            "unitWorth": 35
        },
        "prismarine_crystals": {
            "type": "item",
			"rarity": "COMMON",
            "content": "minecraft:prismarine_crystals",
            "amount": {
                "min": 2,
                "max": 8
            },
            "unitWorth": 50
        },
        "charged_certus": {
            "type": "item",
			"rarity": "UNCOMMON",
            "content": "minecraft:charged_certus_quartz_crystal",
            "amount": {
                "min": 1,
                "max": 8
            },
            "unitWorth": 50
        },
        "fluix": {
            "type": "item",
			"rarity": "UNCOMMON",
            "content": "ae2:fluix_crystal",
            "amount": {
                "min": 2,
                "max": 8
            },
            "unitWorth": 250
        },
        "diamond": {
            "type": "item",
			"rarity": "RARE",
            "content": "minecraft:diamond",
            "amount": {
                "min": 1,
                "max": 4
            },
            "unitWorth": 500
        },
        "gold_ingot": {
            "type": "item",
			"rarity": "COMMON",
            "content": "minecraft:gold_ingot",
            "amount": {
                "min": 1,
                "max": 8
            },
            "unitWorth": 10
        },
        "totem_of_undying": {
            "type": "item",
			"rarity": "LEGENDARY",
            "content": "minecraft:totem_of_undying",
            "amount": {
                "min": 1,
                "max": 1
            },
            "unitWorth": 1000
        }
    }
}