{
    "content": {
        "emerald": {
            "type": "item",
			"rarity": "COMMON",
            "content": "minecraft:emerald",
            "amount": {
                "min": 2,
                "max": 8
            },
            "unitWorth": 7
        },
        "copper_coin": {
            "type": "item",
			"rarity": "COMMON",
            "content": "essentiallycurrency:copper_coin",
            "amount": {
                "min": 10,
                "max": 100
            },
            "unitWorth": 1,
			"weightMult": 0.9
        },
        "silver_coin": {
            "type": "item",
			"rarity": "UNCOMMON",
            "content": "essentiallycurrency:iron_coin",
            "amount": {
                "min": 10,
                "max": 50
            },
            "unitWorth": 5
        },
        "gold_coin": {
            "type": "item",
			"rarity": "RARE",
            "content": "essentiallycurrency:gold_coin",
            "amount": {
                "min": 5,
                "max": 25
            },
            "unitWorth": 10
        }
    }
}