{
  "display": {
    "icon": {
      "item": "capsule:capsulemarker",
	  "data": 0
    },
    "title": {
      "text": "Advanced Area Miniaturization"
    },
    "description": {
      "text": "With this technology I'll be able to improve upon my existing compact machinery and convert it into a more portable capsule."
    },
    "x": -2,
    "y": -2
  },
	"parent": "cyborg:technology/technology",
	"idea": {
		"amount": 2,
		"ingredients": [
			"#gear",
			"#stone",
			"#diamond",
			"minecraft:chorus_fruit",
			"minecraft:chorus_fruit_popped",
			"minecraft:shulker_shell",
			"minecraft:ender_pearl",
			"minecraft:ender_eye",
			"minecraft:dragon_egg",
			"minecraft:nether_star",
			"minecraft:piston",
			"minecraft:sticky_piston",
			"compactmachines3:fieldprojector",
			"nhc:energypearl",
			"rftools:infused_enderpearl",
			{
				"item": "wrcbe:material",
				"data": 2
			},
			{
				"type": "forge:ore_dict",
				"ore": "blockPearlEnder"
			},
			{
				"type": "forge:ore_dict",
				"ore": "artisansHammer"
			},
			{
				"type": "forge:ore_dict",
				"ore": "artisansFile"
			}
		]
	},
	"research": {
		"type": "ftgumod:match",
		"pattern": [
			" B ",
			"CLC",
			" C "
		],
		"key": {
			"B": {
				"item": [
					"minecraft:lever",
					"minecraft:stone_button",
					"natura:nether_button",
					"natura:nether_lever",
					"openblocks:big_button_wood",
					"openblocks:big_button",
					{
						"type": "forge:ore_dict",
						"ore": "buttonWood"
					}
				],
				"hint": {
					"text": "Capture Initiator"
				},
				"decipher": {
					"decipher": {
						"block": "minecraft:stone_button",
						"data": 32767
					},
					"hint": "I could use this to initiate a capsule."
				}
		},
		"L": {
			"item": [
					{
						"item": "multistorage:stone_storage",
						"data": 1
					},
					{
						"item": "multistorage:stone_storage",
						"data": 2
					},
					{
						"item": "multistorage:stone_storage",
						"data": 3
					},
					{
						"item": "multistorage:stone_storage",
						"data": 4
					},
					{
						"item": "multistorage:stone_storage",
						"data": 5
					},
					{
						"item": "multistorage:stone_storage",
						"data": 6
					},
					{
						"item": "ironchest:iron_chest",
						"data": 7
					},
					{
						"item": "thermalexpansion:satchel",
						"data": 32767
					},
					{
						"type": "forge:ore_dict",
						"ore": "chest"
					},
					{
						"type": "forge:ore_dict",
						"ore": "backpack"
					},
					{
						"type": "forge:ore_dict",
						"ore": "prbackpack"
					}
				],
				"hint": {
					"text": "Storage Medium"
				},
				"decipher": {
					"decipher": {
						"block": "minecraft:chest",
						"data": 32767
					},
					"hint": "Chest store items quite well."
				}
			},
			"C": {
				"item": [
					"#wood",
					"#stone",
					"#iron",
					"#gold",
					"#diamond",
					"minecraft:glass_bottle",
					"minecraft:ender_pearl",
					"nhc:energypearl",
					"rftools:infused_enderpearl"
				],
				"hint": {
					"text": "Capsule Material"
				},
				"decipher": {
					"decipher": {
						"block": "minecraft:diamond_ore",
						"data": 32767
					},
					"hint": "Diamonds would be excellent for capsule capturing."
				}
			}
		}
	},
	"unlock": [
		"capsule:capsulemarker",
		"capsule:capsule"
	]
  }