[
  {
    "ingredient": [
		"ftbquests:book",
		"minecraft:book",
		"minecraft:bookshelf",
		"ftgumod:research_book",
		"minecraft:writable_book",
		"loreexpansion:lore_journal",
		{
			"item": "minecraft:written_book",
			"data": 32767 
		},
		{
			"item": "minecraft:enchanted_book",
			"data": 32767 
		},
		{
			"item": "cookingforblockheads:recipe_book",
			"data": 32767 
		}
    ],
    "name": "book"
  },
  {
    "ingredient": [ 
		"minicoal:minicoal",
		"minecraft:blaze_rod",
		"minecraft:coal_block",
		"minicoal:minicharcoal",
		"minecraft:lava_bucket",
		"charcoalblock:charcoal_block",
		"lycanitesmobs:bucketmoglava",
		"coalprocessing:compressed_coal",
		{
			"item": "minecraft:coal",
			"data": 0
		},
		{
			"item": "minecraft:coal",
			"data": 1
		},
		{
			"item": "claybucket:claybucket",
			"data": 2
		},
		{
			"item": "fuelcanister:fuel_canister",
			"data": 32767
		}
    ],
    "name": "fuel"
  },
  {
    "ingredient": [
		"minecraft:stone_stairs",
		"treasure2:gravestone1_cobblestone",
		"treasure2:gravestone2_cobblestone",
		"treasure2:gravestone2_spawner_cobblestone",
		"treasure2:gravestone3_cobblestone",
		"minecraft:stone_sword",
		"minecraft:stone_pickaxe",
		"minecraft:stone_shovel",
		"minecraft:stone_hoe",
		"minecraft:stone_axe",
		{
			"item": "additionalcompression:cobblestone_compressed",
			"data": 0
		},
		{
			"item": "additionalcompression:cobblestone_compressed",
			"data": 1
		},
		{
			"item": "additionalcompression:cobblestone_compressed",
			"data": 2
		},
		{
			"item": "minecraft:stone_slab",
			"data": 3
		},
		{
			"item": "minecraft:cobblestone_wall",
			"data": 0
		},
		{
			"item": "minecraft:cobblestone_wall",
			"data": 1
		},
		{
			"type": "forge:ore_dict",
			"ore": "cobblestone"
		}
    ],
    "name": "cobble"
  },
  {
    "ingredient": [
		"openblocks:big_button",
		"minecraft:stone_button",
		"minecraft:stone_pressure_plate",
		"treasure2:gravestone1_spawner_stone",
		"treasure2:gravestone1_stone",
		"treasure2:gravestone2_stone",
		"treasure2:gravestone3_stone",
		{
			"item": "minecraft:stone_sword",
			"data": 32767
		},
		{
			"item": "minecraft:stone_pickaxe",
			"data": 32767
		},
		{
			"item": "minecraft:stone_shovel",
			"data": 32767
		},
		{
			"item": "minecraft:stone_hoe",
			"data": 32767
		},
		{
			"item": "minecraft:stone_axe",
			"data": 32767
		},
		{
			"item": "minecraft:stone_slab",
			"data": 0
		},
		{
			"item": "additionalcompression:stone_compressed",
			"data": 0
		},
		{
			"item": "additionalcompression:stone_compressed",
			"data": 1
		},
		{
			"item": "additionalcompression:stone_compressed",
			"data": 2
		},
	  {
        "type": "forge:ore_dict",
	    "ore": "stone"
      }
    ],
    "name": "stone"
  },
  {
    "ingredient": [
		"minecraft:sign",
		"minecraft:stick",
		"minecraft:bowl",
		"minecraft:ladder",
		"minecraft:trapdoor",
		"minecraft:wooden_pressure_plate",
		{
			"item": "minecraft:wooden_sword",
			"data": 32767
		},
		{
			"item": "minecraft:wooden_pickaxe",
			"data": 32767
		},
		{
			"item": "minecraft:wooden_shovel",
			"data": 32767
		},
		{
			"item": "minecraft:wooden_hoe",
			"data": 32767
		},
		{
			"item": "minecraft:wooden_axe",
			"data": 32767
		},
		{
			"item": "aquaculture:loot",
			"data": 0
		},
		{
			"type": "forge:ore_dict",
			"ore": "logWood"
		},
		{
			"type": "forge:ore_dict",
			"ore": "plankWood"
		},
		{
			"type": "forge:ore_dict",
			"ore": "stairWood"
		},
		{
			"type": "forge:ore_dict",
			"ore": "slabWood"
		},
		{
			"type": "forge:ore_dict",
			"ore": "chestWood"
		},
		{
			"type": "forge:ore_dict",
			"ore": "doorWood"
		},
		{
			"type": "forge:ore_dict",
			"ore": "fenceWood"
		},
		{
			"type": "forge:ore_dict",
			"ore": "fenceGateWood"
		}
    ],
    "name": "wood"
  },
  {
	"ingredient": [
		{
			"item": "minecraft:hardened_clay",
			"data": 0
		},
		{
			"item": "minecraft:stained_hardened_clay",
			"data": 0
		},
		{
			"item": "minecraft:stained_hardened_clay",
			"data": 1
		},
		{
			"item": "minecraft:stained_hardened_clay",
			"data": 2
		},
		{
			"item": "minecraft:stained_hardened_clay",
			"data": 3
		},
		{
			"item": "minecraft:stained_hardened_clay",
			"data": 4
		},
		{
			"item": "minecraft:stained_hardened_clay",
			"data": 5
		},
		{
			"item": "minecraft:stained_hardened_clay",
			"data": 6
		},
		{
			"item": "minecraft:stained_hardened_clay",
			"data": 7
		},
		{
			"item": "minecraft:stained_hardened_clay",
			"data": 8
		},
		{
			"item": "minecraft:stained_hardened_clay",
			"data": 9
		},
		{
			"item": "minecraft:stained_hardened_clay",
			"data": 10
		},
		{
			"item": "minecraft:stained_hardened_clay",
			"data": 11
		},
		{
			"item": "minecraft:stained_hardened_clay",
			"data": 12
		},
		{
			"item": "minecraft:stained_hardened_clay",
			"data": 13
		},
		{
			"item": "minecraft:stained_hardened_clay",
			"data": 14
		},
		{
			"item": "minecraft:stained_hardened_clay",
			"data": 15
		},
		"minecraft:white_glazed_terracotta",
		"minecraft:orange_glazed_terracotta",
		"minecraft:magenta_glazed_terracotta",
		"minecraft:light_blue_glazed_terracotta",
		"minecraft:yellow_glazed_terracotta",
		"minecraft:lime_glazed_terracotta",
		"minecraft:pink_glazed_terracotta",
		"minecraft:gray_glazed_terracotta",
	    "minecraft:silver_glazed_terracotta",
	    "minecraft:cyan_glazed_terracotta",
	    "minecraft:purple_glazed_terracotta",
	    "minecraft:blue_glazed_terracotta",
	    "minecraft:brown_glazed_terracotta",
	    "minecraft:green_glazed_terracotta",
	    "minecraft:red_glazed_terracotta",
		"minecraft:black_glazed_terracotta"
    ],
    "name": "terracotta"
  },
  {
    "ingredient": [
		{
			"type": "forge:ore_dict",
			"ore": "nuggetIron"
		},
		{
			"type": "forge:ore_dict",
			"ore": "ingotIron"
		},
		{
			"type": "forge:ore_dict",
			"ore": "blockIron"
		},
		{
			"type": "forge:ore_dict",
			"ore": "oreIron"
		},
		{
			"item": "minecraft:iron_helmet",		
			"data": 32767
		},	
		{
			"item": "minecraft:iron_chestplate",
			"data": 32767
		},
		{
			"item": "minecraft:iron_leggings",
			"data": 32767
		},
		{
			"item": "minecraft:iron_boots",
			"data": 32767
		},
		{
			"item": "minecraft:iron_sword",
			"data": 32767
		},
		{
			"item": "minecraft:iron_pickaxe",
			"data": 32767
		},
		{
			"item": "minecraft:iron_shovel",
			"data": 32767
		},
		{
			"item": "minecraft:iron_axe",
			"data": 32767
		},
		{
			"item": "minecraft:iron_hoe",
			"data": 32767
		},
		{
			"item": "minecraft:iron_door",
			"data": 0
		},
		{
			"item": "minecraft:iron_horse_armor",
			"data": 0
		},
		{
			"item": "minecraft:iron_bars",
			"data": 0
		},
		{
			"item": "minecraft:minecart",
			"data": 0
		},
		{
			"item": "minecraft:compass",
			"data": 0
		}, 
		{
			"item": "minecraft:cauldron",
			"data": 0
		},
		{
			"item": "jaff:iron_hook",
			"data": 0
		},
		{
			"item": "aquaculture:loot",
			"data": 2
		},
		{
			"type": "forge:ore_dict",
			"ore": "blockHopper"
		}
	],
	  "name": "iron"
  },
  {
    "ingredient": [
		"minecraft:sea_lantern",
		"pristeel:prismarine_ore",
		"apotheosis:prismatic_web",
		"minecraft:prismarine_shard",
		"minecraft:prismarine_crystals",
		{
			"item": "minecraft:prismarine",
			"data": 0 
		},
		{
			"item": "minecraft:prismarine",
			"data": 1
		},
		{
			"item": "minecraft:prismarine",
			"data": 2 
		}
    ],
    "name": "prismarine"
  },
  {
    "ingredient": [
		"minecraft:repeater",
		"minecraft:noteblock",
		"minecraft:comparator",
		"minecraft:redstone_lamp",
		"minecraft:redstone_torch",
		{
			"type": "forge:ore_dict",
			"ore": "blockRedstone"
		},
		{
			"type": "forge:ore_dict",
			"ore": "dustRedstone"
		},
		{
			"item": "enderio:item_redstone_conduit",
			"data": 0
		},
		{
			"item": "enderio:item_alloy_nugget",
			"data": 3
		},
		{
			"item": "enderio:item_alloy_ingot",
			"data": 3
		},
		{
			"item": "enderio:block_alloy",
			"data": 3
		}
    ],
    "name": "redstone"
  },
  {
    "ingredient": [
		"minecraft:magma",
		"minecraft:blaze_rod",
		"minecraft:blaze_powder",
		"minecraft:magma_cream",
		"armorunder:heating_goo",
		"armorunder:goopak_heat",
		"lycanitesmobs:bucketmoglava",
		"simpledifficulty:magma_chunk",
		"cookingforblockheads:heating_unit",
		{
			"item": "claybucket:claybucket",
			"data": 2
		}
    ],
    "name": "hot"
  },
  {
    "ingredient": [
		"minecraft:ice",
		"minecraft:packed_ice",
		"armorunder:cooling_goo",
		"armorunder:goopak_cool",
		"simpledifficulty:ice_chunk",
		"harvestcraft:bubblywateritem",
		"cookingforblockheads:ice_unit",
		{
			"item": "minecraft:potion",
			"data": 32767
		},
		{
			"item": "minecraft:splash_potion",
			"data": 32767
		},
		{
			"item": "minecraft:lingering_potion",
			"data": 32767
		},
		{
			"item": "claybucket:claybucket",
			"data": 1
		},
		{
			"type": "forge:ore_dict",
			"ore": "bucketFish"
		},
		{
			"type": "forge:ore_dict",
			"ore": "listAllwater"
		},
		{
			"type": "forge:ore_dict",
			"ore": "listAllsoda"
		}
    ],
    "name": "cold"
  },
  {
    "ingredient": [
		{
			"type": "forge:ore_dict",
			"ore": "gemLapis"
		},
		{
			"type": "forge:ore_dict",
			"ore": "gemQuartz"
		},
		{
			"type": "forge:ore_dict",
			"ore": "gemPrismarine"
		},
		{
			"type": "forge:ore_dict",
			"ore": "gemDiamond"
		},
		{
			"type": "forge:ore_dict",
			"ore": "gemEmerald"
		},
		{
			"type": "forge:ore_dict",
			"ore": "gemAmethyst"
		},
		{
			"type": "forge:ore_dict",
			"ore": "gemSapphire"
		},
		{
			"type": "forge:ore_dict",
			"ore": "gemRuby"
		},
		{
			"type": "forge:ore_dict",
			"ore": "gemOnyx"
		},
		{
			"type": "forge:ore_dict",
			"ore": "blockDiamond"
		},
		{
			"type": "forge:ore_dict",
			"ore": "blockEmerald"
		},
		{
			"type": "forge:ore_dict",
			"ore": "blockQuartz"
		},
		{
			"type": "forge:ore_dict",
			"ore": "blockLapis"
		},
		{
			"type": "forge:ore_dict",
			"ore": "artisansGemCutter"
		}
    ],
    "name": "gems"
  },
  {
    "ingredient": [
		"apotheosis:hellshelf",
		"minecraft:nether_star",
		"minecraft:netherbrick",
		"minecraft:nether_brick",
		"minecraft:red_nether_brick",
		"minecraft:nether_brick_stairs",
		"minecraft:nether_brick_fence",
		{
			"item": "enderio:item_material",
			"data": 72
		},
		{
			"item": "minecraft:stone_slab",
			"data": 6
		},
		{
			"type": "forge:ore_dict",
			"ore": "netherrack"
		}
    ],
    "name": "hellish"
  }
]