{
	"Restriction Data": {
		"stage": "iron_age",
	"itemList": [
		{"item": "kubejs:data_iron"},
		{"item": "mm:vent"},
		{"item": "mm:circuitry"},
		{"item": "mm:item_input"},
		{"item": "mm:item_output"},
		{"item": "minecraft:iron_ingot"},
		{"item": "minecraft:iron_nugget"},
		{"item": "minecraft:bucket"},
		{"item": "minecraft:flint_and_steel"},
		{"item": "minecraft:shears"},
		{"item": "minecraft:hopper"},
		{"item": "minecraft:iron_bars"},
		{"item": "minecraft:stonecutter"},
		{"item": "minecraft:blast_furnace"},
		{"item": "minecraft:chain"},
		{"item": "minecraft:flint_and_steel"},
		{"item": "minecraft:furnace_minecart"},
		{"item": "minecraft:iron_sword"},
		{"item": "minecraft:iron_pickaxe"},
		{"item": "minecraft:iron_shovel"},
		{"item": "minecraft:iron_axe"},
		{"item": "minecraft:iron_hoe"},
		{"item": "minecraft:iron_helmet"},
		{"item": "minecraft:iron_chestplate"},
		{"item": "minecraft:iron_leggings"},
		{"item": "minecraft:iron_boots"},
		{"item": "minecraft:chainmail_helmet"},
		{"item": "minecraft:chainmail_chestplate"},
		{"item": "minecraft:chainmail_leggings"},
		{"item": "minecraft:chainmail_boots"},
		{"item": "minecraft:golden_sword"},
		{"item": "minecraft:golden_pickaxe"},
		{"item": "minecraft:golden_shovel"},
		{"item": "minecraft:golden_axe"},
		{"item": "minecraft:golden_hoe"},
		{"item": "minecraft:golden_helmet"},
		{"item": "minecraft:golden_chestplate"},
		{"item": "minecraft:golden_leggings"},
		{"item": "minecraft:golden_boots"},
		{"item": "cb_microblock:iron_saw"},
		{"item": "cb_microblock:gold_saw"},
		{"item": "craftingautomat:autocrafter"},
		{"item": "extendedcrafting:black_iron_ingot"},
		{"item": "extendedcrafting:black_iron_nugget"},
		{"item": "extendedcrafting:redstone_ingot"},
		{"item": "extendedcrafting:redstone_nugget"},
		{"item": "mekanismtools:iron_paxel"},
		{"item": "mekanismtools:gold_paxel"},
		{"item": "projectred_exploration:iron_sickle"},
		{"item": "projectred_exploration:gold_sickle"},
		{"item": "simplyjetpacks:pilot_goggles_iron"},
		{"item": "simplyjetpacks:pilot_goggles_gold"},
		{"item": "wooledboots:wooled_iron_boots"},
		{"item": "wooledboots:wooled_chainmail_boots"},
		{"item": "wooledboots:wooled_gold_boots"},
		{"item": "quark:trowel"},
		{"item": "quark:gold_bars"},
		{"item": "quark:grate"}
	],
    "tagList": [],
	"modList": ["laboratoryblocks", "ppfluids", "squarry"],
	"exceptionList": [
		{"item": "squarry:fuel_quarry"}
	  ]
	},
	"Settings": {
		"itemsTitle": "Metallic Mass", 
		"advancedTooltips": "ADVANCED",
		"canPickupItems": false,
		"canRightClickBlocks": false,
		"dropItemsFromInventory": true
	}
}