{
	"type": "custommachinery:custom_machine",
	"machine": "quintessence:shredder",
	"jeiPriority": 247,
	"time": 20,
	"requirements": [
		{
			"type": "custommachinery:energy",
			"mode": "input",
			"amount": 500
		},
		{
			"mode": "input",
			"type": "custommachinery:item",
			"item": "minecraft:lead",
			"amount": 1
		},
		{
			"mode": "output",
			"id": "output",
			"type": "custommachinery:item",
			"item": "kubejs:fibers",
			"amount": 2
		},
		{
			"mode": "output",
			"id": "output",
			"type": "custommachinery:item",
			"item": "minecraft:slime_ball",
			"chance": 0.5,
			"amount": 1
		}
	]
}