{
  "display": {
    "icon": {
      "item": "cookingforblockheads:cooking_table"
    },
    "title": {
      "text": "Advanced Cooking"
    },
    "description": {
      "text": "Furnaces and crafting tables work well for basic foods, but I'll need something more advanced to cook anything else."
    },
    "x": 2,
    "y": 4
  },
"parent": "adrift:survival/furnace",
  "idea": {
    "amount": 2,
    "ingredients": [
		"#terracotta",
        "minecraft:clay",
        "minecraft:brick",
        "minecraft:furnace",
        "minecraft:clay_ball",
        "minecraft:brick_block",
        "minecraft:furnace_minecart",
		{
          "type": "forge:ore_dict",
          "ore": "lead"
        },
		{
          "type": "forge:ore_dict",
          "ore": "titanium"
        },
		{
          "type": "forge:ore_dict",
          "ore": "blockIron"
        },
		{
          "type": "forge:ore_dict",
          "ore": "ingotIron"
        },
		{
          "type": "forge:ore_dict",
          "ore": "nuggetIron"
        },
		{
          "type": "forge:ore_dict",
          "ore": "blockGold"
        },
		{
          "type": "forge:ore_dict",
          "ore": "ingotGold"
        },
		{
          "type": "forge:ore_dict",
          "ore": "nuggetGold"
        }
    ]
  },
  "research": {
    "type": "ftgumod:match",
    "pattern": [
      "CCC",
      "CFC",
      "IHI"
    ],
    "key": {
      "C": {
        "item": [
			"#stone",
			"#cobble",
			"#terracotta"
		],
        "hint": {
          "translate": "technology.hint.insulator"
        },
		"decipher": {
			"decipher": {
				"block": "minecraft:cobblestone"
		},
			"hint": "Sturdy. Would make a fine heat trap."
		}
      },
      "I": {
        "item": [
		{
          "type": "forge:ore_dict",
          "ore": "lead"
        },
		{
          "type": "forge:ore_dict",
          "ore": "titanium"
        },
		{
          "type": "forge:ore_dict",
          "ore": "blockIron"
        },
		{
          "type": "forge:ore_dict",
          "ore": "ingotIron"
        },
		{
          "type": "forge:ore_dict",
          "ore": "nuggetIron"
        },
		{
          "type": "forge:ore_dict",
          "ore": "blockGold"
        },
		{
          "type": "forge:ore_dict",
          "ore": "ingotGold"
        },
		{
          "type": "forge:ore_dict",
          "ore": "nuggetGold"
        }
		],
        "hint": {
          "text": "Extra Insulation"
        }
      },
	  "H": {
        "item": "contenttweaker:heat_exchanger",
        "hint": {
          "text": "Heat Exchanger"
        }
      },
	  "F": {
        "item":  [
			"minecraft:furnace",
			"minecraft:furnace_minecart",
			"contenttweaker:heat_exchanger"
		],
        "hint": {
          "text": "Heat Processor"
        }
      }
    }
 },
  "unlock": [
		{
			"item": "cookingforblockheads:recipe_book",
			"data": 2
		},
		{
			"item": "cookingforblockheads:cooking_table",
			"data": 0
		},
		{
			"item": "cookingforblockheads:sink",
			"data": 0
		},
		{
			"item": "cookingforblockheads:oven",
			"data": 0
		},
		{
			"item": "cookingforblockheads:fridge",
			"data": 0
		},
		{
			"item": "cookingforblockheads:cow_jar",
			"data": 0
		},
		{
			"item": "cookingforblockheads:milk_jar",
			"data": 0
		},
		{
			"item": "cookingforblockheads:heating_unit",
			"data": 0
		},
		{
			"item": "cookingforblockheads:preservation_chamber",
			"data": 0
		},
		{
			"item": "cookingforblockheads:ice_unit",
			"data": 0
		}
    ]
}
