{
  "display": {
    "icon": {
      "item": "minecraft:boat"
    },
    "title": {
      "text": "Upgraded Rafting"
    },
    "description": {
      "text": "I may want to look into ways to improve my existing rafts."
    },
    "x": -2,
    "y": 0
  },
"parent": "adrift:survival/survival",
  "idea": {
    "amount": 3,
    "ingredients": [
		"#wood",
		"minecraft:bowl",
		"minecraft:wooden_shovel",
		{
			"item": "aquaculture:loot",
			"data": 0
		},
		{
			"item": "jarm:oak_raft",
			"data": 0
		},
		{
			"item": "jarm:spruce_raft",
			"data": 0
		},
		{
			"item": "jarm:birch_raft",
			"data": 0
		},
		{
			"item": "jarm:jungle_raft",
			"data": 0
		},
		{
			"item": "jarm:acacia_raft",
			"data": 0
		},
		{
			"item": "jarm:dark_oak_raft",
			"data": 0
		}
	]
 },
  "research": {
    "type": "ftgumod:match",
    "pattern": [
      "   ",
      "W W",
      "WWW"
    ],
    "key": {
      "W": {
        "item": "#wood",
        "hint": {
          "translate": "technology.hint.wood"
        }
      }
    }
},
  "unlock": [
	  "minecraft:boat",
      "minecraft:spruce_boat",
      "minecraft:birch_boat",
      "minecraft:jungle_boat",
      "minecraft:acacia_boat",
      "minecraft:dark_oak_boat"
  ]
}