{
	"display": {
		"icon": {
			"item": "culinaryconstruct:sandwich_station"
		},
		"title": {
			"text": "Basic Cooking"
		},
		"description": {
			"text": "I'll need a way to cook some basic meals before I can do much else. Clay should make for a good insulator."
		},
		"x": 0,
		"y": 2
	},
	"parent": "adrift:survival/survival",
	"idea": {
		"amount": 2,
		"ingredients": [
			"#hot",
			"#fuel",
			"#book",
			"#wood",
			"#terracotta",
			"minecraft:clay",
			"minecraft:brick",
			"minecraft:clay_ball",
			"minecraft:brick_block"
		]
	},
	"research": {
		"type": "ftgumod:match",
		"pattern": [
			" B ",
			" W ",
			"TTT"
		],
		"key": {
			"W": {
				"item": [
					"#wood",
					"#stone",
					"#cobble",
                    "#terracotta"
				],
				"hint": {
					"translate": "technology.hint.frame"
				}
			},
			"T": {
                "item": [
                    "#terracotta",
					"minecraft:clay",
                    "minecraft:brick",
					"minecraft:clay_ball",
                    "minecraft:brick_block",
                    {
                        "item": "minecraft:stone_slab",
                        "data": 4
                    }
                ],
                "hint": {
                    "text": "Clay Frame"
                },
				"decipher": {
					"decipher": {
						"block": "minecraft:clay"
				},
					"hint": "Should make for a good frame."
				}
            },
			"B": {
				"item": [
					"#book",
					{
						"type": "forge:ore_dict",
						"ore": "chest"
					}
				],
				"hint": {
					"text": "Recipe Storage"
				},
				"decipher": {
					"decipher": {
						"block": "minecraft:chest"
				},
					"hint": "This should be able to store ingredients. Perhaps even recipes."
				}
            }
		}
	},
	"unlock": [
		"culinaryconstruct:sandwich_station",
		{
			"type": "forge:ore_dict",
			"ore": "artisansCuttingBoard"
		},
		{
			"item": "cookingforblockheads:recipe_book",
			"data": 0
		},
		{
			"item": "cookingforblockheads:recipe_book",
			"data": 1
		},
		{
			"item": "cookingforblockheads:kitchen_floor",
			"data": 0
		},
		{
			"item": "cookingforblockheads:corner",
			"data": 0
		},
		{
			"item": "cookingforblockheads:counter",
			"data": 0
		},
		{
			"item": "cookingforblockheads:cabinet",
			"data": 0
		},
		{
			"item": "cookingforblockheads:toaster",
			"data": 0
		},
		{
			"item": "cookingforblockheads:spice_rack",
			"data": 0
		},
		{
			"item": "cookingforblockheads:tool_rack",
			"data": 0
		},
		{
			"item": "cookingforblockheads:fruit_basket",
			"data": 0
		}
	]
}