{
	"display": {
		"icon": {
			"item": "shipwrecks_winslow:diving_helmet"
		},
		"title": {
			"text": "Better Diving Gear"
		},
		"description": {
			"text": "If I could develop stronger and more insulated diving gear, I could stay underwater for longer."
		},
		"x": 5,
		"y": -1
	},
	"parent": "adrift:survival/repair",
	"idea": {
		"amount": 2,
		"ingredients": [
			"better_diving:diving_mask",
			"better_diving:rebreather",
			"better_diving:reinforced_diving_mask",
			"better_diving:standard_o2_tank",
			"better_diving:high_capacity_o2_tank",
			"better_diving:reinforced_o2_tank",
			"better_diving:wetsuit_leggings",
			"better_diving:improved_wetsuit_leggings",
			"better_diving:reinforced_wetsuit_leggings",
			"better_diving:fins",
			"better_diving:ultra_glide_fins",
			"better_diving:reinforced_fins",
			"better_diving:titanium",
			"better_diving:titanium_ingot",
			"pristeel:pristeel_ingot",
			{
				"item": "aquaculture:loot",
				"data": 1
			},
			{
				"type": "forge:ore_dict",
				"ore": "lead"
			},
			{
				"type": "forge:ore_dict",
				"ore": "carbon"
			},
			{
				"type": "forge:ore_dict",
				"ore": "ingotIron"
			},
			{
				"type": "forge:ore_dict",
				"ore": "ingotConstructionAlloy"
			},
			{
				"type": "forge:ore_dict",
				"ore": "artisansHammer"
			},
			{
				"type": "forge:ore_dict",
				"ore": "artisansSpanner"
			}
		]
	},
	"research": {
		"type": "ftgumod:match",
		"pattern": [
			" A ",
			"ARA",
			" A "
		],
		"key": {
			"R": {
				"item": [
					"better_diving:diving_mask",
					"better_diving:rebreather",
					"better_diving:reinforced_diving_mask",
					"better_diving:standard_o2_tank",
					"better_diving:high_capacity_o2_tank",
					"better_diving:reinforced_o2_tank",
					"better_diving:wetsuit_leggings",
					"better_diving:improved_wetsuit_leggings",
					"better_diving:reinforced_wetsuit_leggings",
					"better_diving:fins",
					"better_diving:ultra_glide_fins",
					"better_diving:reinforced_fins"
				],
				"hint": {
					"text": "Armour Basis"
				}
			},
			"A": {
				"item": [
					"pristeel:pristeel_ingot",
					"better_diving:titanium",
					"better_diving:titanium_ingot",
					{
						"item": "aquaculture:loot",
						"data": 1
					},
					{
						"type": "forge:ore_dict",
						"ore": "lead"
					},
					{
						"type": "forge:ore_dict",
						"ore": "carbon"
					},
					{
						"type": "forge:ore_dict",
						"ore": "ingotIron"
					},
					{
						"type": "forge:ore_dict",
						"ore": "ingotConstructionAlloy"
					}
				],
				"hint": {
					"text": "Reinforcement"
				}
			}
		}
	},
			"unlock": [
				"shipwrecks_winslow:diving_helmet",
				"shipwrecks_winslow:diving_chest",
				"shipwrecks_winslow:diving_legs",
				"shipwrecks_winslow:diving_boots"
			]
}