{
  "display": {
    "icon": {
      "item": "minecraft:furnace"
    },
    "title": {
      "text": "Better Cooking"
    },
    "description": {
      "text": "Campfires cook basic foods well, but if I'm to make more food, I'll need something more easily automated."
    },
    "x": 1,
    "y": 3
  },
"parent": "adrift:survival/cooking",
  "idea": {
    "amount": 2,
    "ingredients": [
        "#hot",
        "#fuel",
		"#stone",
		"#cobble",
		"#terracotta",
		"jac:campfire_lit",
		"jac:campfire_burnt",
		{
          "type": "forge:ore_dict",
          "ore": "listAllfishcooked"
        },
		{
          "type": "forge:ore_dict",
          "ore": "listAllfishfresh"
        },
		{
          "type": "forge:ore_dict",
          "ore": "listAllfishraw"
        },
		{
			"item": "aquaculture:fish",
			"data": 38
		},
		{
			"type": "forge:ore_dict",
			"ore": "stone"
		}
    ]
  },
  "research": {
    "type": "ftgumod:match",
    "pattern": [
      "CCC",
      "CFC",
      "CCC"
    ],
    "key": {
      "C": {
        "item": [
			"#stone",
			"#cobble",
			"#terracotta",
			{
				"type": "forge:ore_dict",
				"ore": "stone"
			}
		],
        "hint": {
          "translate": "technology.hint.insulator"
        },
		"decipher": {
			"decipher": {
				"block": "minecraft:cobblestone",
				"data": 32767
		},
			"hint": "Sturdy. Would make a fine heat trap."
		}
      },
      "F": {
        "item": [
			"#hot",
			"#fuel",
			"#wood"
		],
        "hint": {
          "translate": "technology.hint.fuel"
        }
      }
    }
 },
  "unlock": [
	{
		"item": "artisanworktables:worktable",
		"data": 11
	},
    "minecraft:furnace",
	"minecraft:furnace_minecart",
	"fuelcanister:empty_fuel_canister"
  ]
}