{
  "display": {
    "icon": {
      "item": "harvestcraft:hardenedleatherchestitem",
	  "data": 0
    },
    "title": {
      "text": "Improved Protection"
    },
    "description": {
      "text": "Leather Armour has worked well so far, but I'm going to need something better soon. Perhaps I can combine it with something...?"
    },
    "x": 1,
    "y": -1
  },
"parent": "adrift:survival/tailor",
  "idea": {
    "amount": 1,
    "ingredients": [
		  "harvestcraft:beeswaxitem",
		  "harvestcraft:waxcombitem",
		  "harvestcraft:hardenedleatheritem",
		  {
				"type": "forge:ore_dict",
				"ore": "leather"
		  }
    ]
  },
  "unlock": [
	"harvestcraft:hardenedleatherhelmitem",
	"harvestcraft:hardenedleatherchestitem",
	"harvestcraft:hardenedleatherleggingsitem",
	"harvestcraft:hardenedleatherbootsitem"
  ]
}