{
  "display": {
    "icon": {
      "item": "artisanworktables:worktable",
	  "data": 4
    },
    "title": {
      "text": "Gem Forging"
    },
    "description": {
      "text": "If I can apply my knowledge of sewing to the gemstones I've found, I'm sure I could produce some better armour and tools out of them."
    },
    "x": 4,
    "y": 0
  },
"parent": "adrift:survival/tailor",
  "idea": {
    "amount": 3,
    "ingredients": [
		"#gems",
		"#hellish",
		"#terracotta",
		"minecraft:brick",
		"minecraft:brick_block",
		{
			"type": "forge:ore_dict",
			"ore": "stone"
		},
		{
			"type": "forge:ore_dict",
			"ore": "sediment"
		},
		{
			"type": "forge:ore_dict",
			"ore": "obsidian"
		},
        {
			"type": "forge:ore_dict",
			"ore": "workbench"
        },
        {
			"item": "artisanworktables:worktable",
			"data": 32767
        },
        {
          "type": "forge:ore_dict",
          "ore": "artisansCarver"
        },
        {
			"type": "forge:ore_dict",
			"ore": "artisansCutters"
        }
    ]
  },
  "research": {
    "type": "ftgumod:match",
    "pattern": [
      "DTD",
      "NBN",
      "N N"
    ],
    "key": {
      "D": {
        "item": [
			"#gems"
		],
        "hint": {
          "text": "Gem-Encrusted Accents"
        },
		"decipher": {
			"decipher": {
				"block": "minecraft:diamond_block"
		},
			"hint": "That is indeed a gem I could encrust the table with."
		}
      },
      "T": {
        "item": [
			"minecraft:brick_block",
			{
				"type": "forge:ore_dict",
				"ore": "obsidian"
			},
			{
				"type": "forge:ore_dict",
				"ore": "sediment"
			},
			{
				"type": "forge:ore_dict",
				"ore": "stone"
			}
		],
        "hint": {
          "text": "Tough Table Top"
        }
      },
      "B": {
        "item": [
			"openblocks:drawing_table",
			{
				"item": "artisanworktables:worktable",
				"data": 32767
			},
			{
				"type": "forge:ore_dict",
				"ore": "workbench"
			}
		],
        "hint": {
          "text": "Workbench Base"
        }
      },
      "N": {
        "item": [
			"#hot",
			"#hellish"
		],
        "hint": {
          "text": "Hellish Supports"
        }
      }
    }
 },
  "unlock": [
    {
      "item": "artisanworktables:worktable",
      "data": 4
    }
  ]
}