{
  "display": {
    "icon": {
      "item": "better_diving:diving_mask"
    },
    "title": {
      "text": "Diving Gear Repairs"
    },
    "description": {
      "text": "I should look into ways to repair my diving gear..."
    },
    "x": 3,
    "y": -1
  },
"parent": "adrift:survival/tailor",
  "idea": {
    "amount": 1,
    "ingredients": [
		"better_diving:fiber_mesh",
        {
          "type": "forge:ore_dict",
          "ore": "titanium"
        },
        {
          "type": "forge:ore_dict",
          "ore": "copper"
        },
        {
          "type": "forge:ore_dict",
          "ore": "silver"
        },
        {
          "type": "forge:ore_dict",
          "ore": "lead"
        },
        {
          "type": "forge:ore_dict",
          "ore": "gold"
        },
        {
          "type": "forge:ore_dict",
          "ore": "itemSilicon"
        },
        {
          "type": "forge:ore_dict",
          "ore": "artisansNeedle"
        }
    ]
  },
  "unlock": []
}
