{
  "display": {
    "icon": {
      "item": "artisanworktables:worktable",
	  "data": 8
    },
    "title": {
      "text": "Inscription"
    },
    "description": {
      "text": "I need to research a special desk to help me write down all of my findings."
    },
    "x": 2,
    "y": 1
  },
"parent": "adrift:survival/survival",
  "idea": {
    "amount": 2,
    "ingredients": [
		"#book",
		"#wood",
        {
			"item": "minecraft:dye",
			"data": 32767
        },
		{
			"type": "forge:ore_dict",
			"ore": "workbench"
        },
        {
			"type": "forge:ore_dict",
			"ore": "feather"
        },
        {
			"type": "forge:ore_dict",
			"ore": "paper"
        },
        {
			"type": "forge:ore_dict",
			"ore": "artisansQuill"
        }
    ]
  },
  "unlock": [
    {
      "item": "artisanworktables:worktable",
      "data": 8
    },
	{
      "type": "forge:ore_dict",
	    "ore": "artisansCompass"
    }
  ]
}
