{
  "display": {
    "icon": {
      "item": "clmodcev:studded_tunic",
	  "data": 0
    },
    "title": {
      "text": "Better Protection"
    },
    "description": {
      "text": "Hardened Leather seems the next logical step, but perhaps I could skip it and come up with something better?"
    },
    "x": 2,
    "y": -2
  },
"parent": "adrift:survival/tailor",
  "idea": {
    "amount": 2,
    "ingredients": [
		  "clmodcev:chain_link",
		{
          "type": "forge:ore_dict",
          "ore": "leather"
        },
        {
          "type": "forge:ore_dict",
          "ore": "string"
        }
    ]
  },
  "unlock": [
	"clmodcev:studded_cap",
	"clmodcev:studded_tunic",
	"clmodcev:studded_leggings",
	"clmodcev:studded_boots"
  ]
}