{
  "display": {
    "icon": {
      "item": "minecraft:fishing_rod"
    },
    "title": {
      "text": "Survival"
    },
    "description": {
      "text": "I can't remember where I got this rod from, nor how to make one....best to investigate."
    },
    "x": 0,
    "y": 0
  },
  "idea": {
    "amount": 1,
    "ingredients": [
		"#wood",
        {
          "type": "forge:ore_dict",
          "ore": "string"
        },
        {
          "type": "forge:ore_dict",
          "ore": "stickWood"
        },
		{
        "item": "minecraft:fishing_rod",
        "data": 32767
		},
		{
        "item": "aquaculture:fishing_rod",
        "data": 32767
		}
    ]
  },
  "unlock": [
	"minecraft:fishing_rod",
	"aquaculture:fishing_rod"
  ]
}
