{
  "display": {
    "icon": {
      "item": "artisanworktables:worktable",
	  "data": 0
    },
    "title": {
      "text": "Sewing"
    },
    "description": {
      "text": "I should focus on sewing some basic clothing both to protect me from the elements, and the creatures of this infinite ocean."
    },
    "x": 2,
    "y": 0
  },
"parent": "adrift:survival/survival",
  "idea": {
    "amount": 2,
    "ingredients": [
		  "#wood",
		  "minecraft:web",
		  "minecraft:shears",
		  "minecraft:leather",
		  "minecraft:rabbit_hide",
        {
        "type": "forge:ore_dict",
	    "ore": "workbench"
        },
        {
          "type": "forge:ore_dict",
          "ore": "string"
        },
        {
          "type": "forge:ore_dict",
          "ore": "wool"
        },
        {
          "type": "forge:ore_dict",
          "ore": "artisansHandsaw"
        }
    ]
  },
  "unlock": [
    {
      "item": "artisanworktables:worktable",
      "data": 0
    },
	{
      "type": "forge:ore_dict",
	    "ore": "artisansNeedle"
    },
	{
      "item": "waterstrainer:net",
      "data": 1
    }
  ]
}