{
  "display": {
    "icon": {
      "item": "simpledifficulty:heater"
    },
    "title": {
      "text": "Temperature Control"
    },
    "description": {
      "text": "It'd be good to develop something better than Goopaks, that way I can heat (or cool) entire rooms at once."
    },
    "x": 3,
    "y": 3
  },
"parent": "adrift:survival/furnace",
  "idea": {
    "amount": 2,
    "ingredients": [
		"#hot",
		"#cold",
		"#cobble",
        "#redstone",
		"jac:campfire_lit",
		"jac:campfire_burnt",
		{
			"type": "forge:ore_dict",
			"ore": "stone"
		},
		{
			"type": "forge:ore_dict",
			"ore": "obsidian"
		},
		{
			"type": "forge:ore_dict",
			"ore": "sediment"
		}
    ]
  },
  "research": {
    "type": "ftgumod:match",
    "pattern": [
      "T T",
      "TCT",
      "CRC"
    ],
    "key": {
      "T": {
        "item": [
			"#hot",
			"#cold",
			{
				"item": "waterworks:materials",
				"data": 1
			}
		],
        "hint": {
          "text": "Temperature Control System"
        },
		"decipher": {
			"decipher": {
				"block": "minecraft:magma"
		},
			"hint": "Could be useful in controlling the ambient temperature."
		}
      },
      "C": {
        "item": [
			"#cobble",
			{
				"type": "forge:ore_dict",
				"ore": "stone"
			},
			{
				"type": "forge:ore_dict",
				"ore": "obsidian"
			},
			{
				"type": "forge:ore_dict",
				"ore": "sediment"
			},
			{
				"item": "minecraft:stone",
				"data": 2
			},
			{
				"item": "minecraft:stone",
				"data": 4
			},
			{
				"item": "minecraft:stone",
				"data": 6
			}
		],
        "hint": {
          "text": "Insulation"
        },
		"decipher": {
			"decipher": {
				"block": "minecraft:cobblestone"
		},
			"hint": "Sturdy. Would make for a good tempurate insulator."
		}
      },
      "R": {
        "item": [
			"#redstone",
			"better_diving:battery",
			"better_diving:power_cell",
			{
				"item": "waterworks:materials",
				"data": 0
			}
		],
        "hint": {
          "text": "Power Source"
        }
      }
    }
 },
  "unlock": [
    "simpledifficulty:heater",
	"simpledifficulty:chiller"
  ]
}
