{
	"type": "custommachinery:custom_machine",
	"machine": "quintessence:shredder",
	"jeiPriority": 997,
	"time": 100,
	"requirements": [
		{
			"type": "custommachinery:energy",
			"mode": "input",
			"amount": 2000
		},
		{
			"mode": "input",
			"type": "custommachinery:item",
			"item": "byg:ametrine_horse_armor",
			"amount": 1
		},
		{
			"mode": "output",
			"type": "custommachinery:item",
			"item": "byg:ametrine_gems",
			"amount": 3
		},
		{
			"mode": "output",
			"type": "custommachinery:item",
			"item": "byg:ametrine_gems",
			"chance": 0.5,
			"amount": 1
		},
		{
			"mode": "output",
			"output_slot": "fluid_output",
			"type": "custommachinery:fluid",
			"fluid": "create_enchantment_industry:experience",
			"amount": 35
		}
	]
}