{
	"type": "custommachinery:custom_machine",
	"machine": "quintessence:shredder",
	"jeiPriority": 996,
	"time": 100,
	"requirements": [
		{
			"type": "custommachinery:energy",
			"mode": "input",
			"amount": 2000
		},
		{
			"mode": "input",
			"type": "custommachinery:item",
			"item": "byg:pendorite_horse_armor",
			"amount": 1
		},
		{
			"mode": "output",
			"type": "custommachinery:item",
			"item": "byg:pendorite_scraps",
			"amount": 7
		},
		{
			"mode": "output",
			"output_slot": "fluid_output",
			"type": "custommachinery:fluid",
			"fluid": "create_enchantment_industry:experience",
			"amount": 50
		}
	]
}