{
	"type": "custommachinery:custom_machine",
	"machine": "quintessence:arc_furnace",
	"jeiPriority": 998,
	"time": 60,
	"requirements": [
		{
			"type": "custommachinery:energy",
			"mode": "input",
			"amount": 1500
		},
		{
			"mode": "input",
			"type": "custommachinery:item",
			"item": "kubejs:fragment_meld",
			"amount": 1
		},
		{
			"mode": "output",
			"type": "custommachinery:item",
			"item": "kubejs:diamond_fragment",
			"amount": 1
		},
		{
			"mode": "output",
			"output_slot": "output2",
			"type": "custommachinery:item",
			"item": "kubejs:emerald_fragment",
			"amount": 1
		},
		{
			"mode": "output",
			"output_slot": "fluid_output",
			"type": "custommachinery:fluid",
			"fluid": "create_enchantment_industry:experience",
			"amount": 10
		}
	]
}