{
	"type": "custommachinery:custom_machine",
	"machine": "quintessence:arc_furnace",
	"jeiPriority": 995,
	"time": 100,
	"requirements": [
		{
			"type": "custommachinery:energy",
			"mode": "input",
			"amount": 2000
		},
		{
			"mode": "input",
			"type": "custommachinery:item",
			"item": "#quintessence:maps/ore",
			"amount": 1
		},
		{
			"mode": "output",
			"type": "custommachinery:item",
			"item": "kubejs:diamond_fragment",
			"amount": 18
		},
		{
			"mode": "output",
			"type": "custommachinery:item",
			"item": "kubejs:nugget_meld",
			"amount": 18
		},
		{
			"mode": "output",
			"output_slot": "fluid_output",
			"type": "custommachinery:fluid",
			"fluid": "create_enchantment_industry:experience",
			"amount": 60
		}
	]
}