{
	"type": "custommachinery:custom_machine",
	"machine": "quintessence:arc_furnace",
	"jeiPriority": 996,
	"time": 100,
	"requirements": [
		{
			"type": "custommachinery:energy",
			"mode": "input",
			"amount": 4000
		},
		{
			"mode": "input",
			"type": "custommachinery:item",
			"item": "byg:pendorite_horse_armor",
			"amount": 1
		},
		{
			"mode": "output",
			"type": "custommachinery:item",
			"item": "byg:pendorite_scraps",
			"amount": 14
		},
		{
			"mode": "output",
			"output_slot": "fluid_output",
			"type": "custommachinery:fluid",
			"fluid": "create_enchantment_industry:experience",
			"amount": 100
		}
	]
}