[
  {
    "id": "9de6ac93-d5a7-4d03-a65f-8078b9ea420b",
    "name": "The Collector",
    "neutral": "Inquiring",
    "markers": [
      {
        "name": "Hobbiest Collector",
        "value": 25
      },
      {
        "name": "Small-time Collector",
        "value": 50
      },
      {
        "name": "Junior Collector",
        "value": 75
      },
      {
        "name": "Expert Collector",
        "value": 125
      },
      {
        "name": "Master Collector",
        "value": 150
      },
      {
        "name": "Grandmaster Collector",
        "value": 250
      }
    ]
  },
  {
    "id": "ba1934d5-54c2-41ab-8c56-58e0c8353c2d",
    "name": "Hellraisers",
    "neutral": "Denizen",
    "markers": [
      {
        "name": "Do-Gooder",
        "value": -100
      },
      {
        "name": "Foreigner",
        "value": -50
      },
      {
        "name": "Hello",
        "value": 5
      },
      {
        "name": "Bad Boy",
        "value": 25
      },
      {
        "name": "No-Gooder",
        "value": 50
      },
      {
        "name": "Troublemaker",
        "value": 75
      },
      {
        "name": "Boneshaker",
        "value": 150
      },
      {
        "name": "Helltaker",
        "value": 200
      }
    ]
  },
  {
    "id": "ba7f21d4-cbc9-4206-b1be-4853d2ecdee0",
    "name": "Engineering Guild",
    "neutral": "Person",
    "markers": [
      {
        "name": "Gifted",
        "value": 10
      },
      {
        "name": "Student",
        "value": 25
      },
      {
        "name": "Junior Engineer",
        "value": 50
      },
      {
        "name": "Engineer",
        "value": 75
      },
      {
        "name": "Experienced Engineer",
        "value": 100
      },
      {
        "name": "Master Engineer",
        "value": 150
      },
      {
        "name": "Grandmaster Engineer",
        "value": 200
      },
      {
        "name": "Ultimate Engineer",
        "value": 325
      }
    ]
  }
]