{
	"conditions": [
		{
			"type": "forge:mod_loaded",
			"modid": "enlightened_end"
		}
	],
    "type": "enlightened_end:stalker",
    "name": "entity.enlightened_end.stalker",
    "name_color": "#2C827b",
    "gui_scale": 1,
    "gui_x_offset": 0,
    "gui_y_offset": 0,
    "gui_z_offset": 0,
    "sim_cost": 128,
    "input": {
        "item": "hostilenetworks:empty_prediction"
    },
    "base_drop": {
        "item": "hostilenetworks:overworld_prediction"
    },
    "trivia": "custom.trivia.stalker_enlightend",
    "fabricator_drops": [
        {
            "item": "enlightened_end:raw_stalker",
            "count": 32
        },
        {
            "item": "enlightened_end:stalker_tooth",
            "count": 16
        }
    ]
}