{
	"name": "Laboratory",
    "controllerIds": "mm:machine_core",
    "layout": [
        [
            "TCT"
        ],
        [
            "IEO"
        ]
    ],
    "key": {
		"E": {
            "portType": "mm:energy",
            "input": true
        },
		"I": {
            "portType": "mm:item",
            "input": true
        },
		"O": {
            "portType": "mm:item",
            "input": false
        },
		"T": {
            "block": "mm:circuitry"
        }
    }
}