{
	"name": "Advanced Laboratory",
    "controllerIds": "mm:machine_core",
    "layout": [
        [
            "BBB",
            "BVB",
            "BBB"
        ],
        [
            "BBB",
            "B B",
            "BCB"
        ],
        [
            "TGT",
            "IEO",
            "TGT"
        ]
    ],
    "key": {
		"E": {
            "portType": "mm:energy",
            "input": true
        },
		"I": {
            "portType": "mm:item",
            "input": true
        },
		"O": {
            "portType": "mm:item",
            "input": false
        },
		"G": {
            "block": "mm:gearbox"
        },
		"T": {
            "block": "mm:circuitry"
        },
		"V": {
            "block": "mm:vent"
        },
		"B": {
            "block": "minecraft:iron_block"
        }
    }
}