{
  "entities": {
	"minecraft:husk": {
	  "[3, 25]": [
	    {
          "chance": 0.75,
          "item": "jjcoin:silver_coin",
		  "amount": "[1, 3]"
        }
	  ],
      "[26, 50]": [
        {
          "chance": 0.5,
          "item": "jjcoin:gold_coin",
		  "amount": "[1, 2]"
        }
      ]
	},
    "minecraft:zombie": {
      "[0, 25]": [
        {
          "chance": 0.75,
          "item": "jjcoin:copper_coin",
		  "amount": "[0, 3]"
        }
      ],
      "[25, 50]": [
        {
          "chance": 0.5,
          "item": "jjcoin:silver_coin"
        }
      ]
    },
    "minecraft:zombie_villager": {
      "[0, 25]": [
        {
          "chance": 0.85,
          "item": "jjcoin:copper_coin",
		  "amount": "[1, 5]"
        }
      ],
      "[25, 50]": [
        {
          "chance": 0.5,
          "item": "jjcoin:silver_coin",
		  "amount": "[1, 2]"
        }
      ]
    },
	"minecraft:skeleton": {
	  "[5, 25]": [
	    {
          "chance": 1.0,
          "item": "jjcoin:copper_coin",
		  "amount": "[1, 5]"
        }
	  ],
      "[25, 50]": [
        {
          "chance": 0.5,
          "item": "jjcoin:silver_coin",
		  "amount": "[0, 2]"
        }
      ]
	},
	"minecraft:guardian": {
	  "[0, 10]": [
	    {
          "chance": 0.85,
          "item": "contenttweaker:pulsaton_sliver",
		  "amount": "[0, 1]"
        }
	  ],
      "[10, 25]": [
        {
          "chance": 0.9,
          "item": "contenttweaker:pulsaton_sliver",
		  "amount": "[0, 1]"
        }
      ],
      "[25, 50]": [
        {
          "chance": 1.0,
          "item": "contenttweaker:pulsaton_sliver",
		  "amount": "[1, 2]"
        }
      ]
	},
	"minecraft:elder_guardian": {
	  "[0, 10]": [
	    {
          "chance": 0.85,
          "item": "contenttweaker:pulsaton_sliver",
		  "amount": "[1, 2]"
        }
	  ],
      "[10, 25]": [
        {
          "chance": 0.9,
          "item": "contenttweaker:pulsaton_sliver",
		  "amount": "[1, 3]"
        }
      ],
      "[25, 50]": [
        {
          "chance": 1.0,
          "item": "contenttweaker:pulsaton_sliver",
		  "amount": "[2, 5]"
        }
      ]
	},
	"minecraft:vindication_illager": {
	  "[5, 20]": [
	    {
          "chance": 0.75,
          "item": "jjcoin:gold_coin",
		  "amount": "[0, 2]"
        }
	  ],
	  "[20, 50]": [
	    {
          "chance": 0.85,
          "item": "jjcoin:gold_coin",
		  "amount": "[1, 3]"
        }
	  ],
	  "[50, 50]": [
	    {
          "chance": 0.5,
          "item": "jjcoin:diamond_coin",
		  "amount": "[0, 1]"
        }
	  ]
	},
	"minecraft:evocation_illager": {
	  "[5, 50]": [
	    {
          "chance": 0.75,
          "item": "jjcoin:gold_coin",
		  "amount": "[0, 3]"
        }
	  ],
      "[25, 50]": [
        {
          "chance": 0.35,
          "item": "jjcoin:diamond_coin",
		  "amount": "[1, 3]"
        }
      ]
	},
	"minecraft:zombie_pigman": {
	  "[0, 20]": [
	    {
          "chance": 0.15,
          "item": "jjcoin:copper_coin"
        }
	  ],
	  "[25, 50]": [
	    {
          "chance": 0.25,
          "item": "jjcoin:silver_coin"
        }
	  ]
	},
	"minecraft:enderman": {
		"[0, 35]": [
	    {
          "chance": 0.75,
          "item": "jjcoin:silver_coin",
		  "amount": "[0, 2]"
        }
	  ],
	  "[35, 50]": [
	    {
          "chance": 0.5,
          "item": "jjcoin:gold_coin",
		  "amount": "[0, 1]"
        }
	  ]
	},
	"cyberware:cyberzombie": {
		"[0, 25]": [
        {
          "chance": 0.8,
          "item": "jjcoin:copper_coin",
		  "amount": "[0, 2]"
        }
      ],
	   "[0, 25]": [
        {
          "chance": 0.75,
          "item": "jjcoin:silver_coin",
		  "amount": "[0, 3]"
        }
      ],
      "[26, 50]": [
        {
          "chance": 0.7,
          "item": "jjcoin:gold_coin"
        }
      ]
    },
	"rewired:cyberskeleton": {
	  "[0, 25]": [
	    {
          "chance": 0.8,
          "item": "jjcoin:copper_coin",
		  "amount": "[1, 5]"
        }
	  ],
	  "[26, 50]": [
	    {
          "chance": 0.75,
          "item": "jjcoin:silver_coin",
		  "amount": "[1, 2]"
        }
	  ]
	},
	"byg:fungalzombie": {
	  "[10, 25]": [
        {
          "chance": 1.0,
          "item": "jjcoin:copper_coin",
		  "amount": "[2, 4]"
        }
      ],
      "[25, 50]": [
        {
          "chance": 0.5,
          "item": "jjcoin:silver_coin",
		  "amount": "[1, 2]"
        }
      ]
	},
	"byg:petrifiedzombie": {
	  "[10, 25]": [
        {
          "chance": 1.0,
          "item": "jjcoin:copper_coin",
		  "amount": "[2, 4]"
        }
      ],
      "[26, 50]": [
        {
          "chance": 0.5,
          "item": "jjcoin:silver_coin",
		  "amount": "[1, 2]"
        }
      ]
	}
  }
}