{
	"type": "custommachinery:custom_machine",
	"machine": "quintessence:arc_furnace",
	"jeiPriority": 779,
	"time": 300,
	"requirements": [
		{
			"type": "custommachinery:energy",
			"mode": "input",
			"amount": 12000
		},
		{
			"mode": "input",
			"type": "custommachinery:item",
			"item": "#lightmanscurrency:traders/large_vending_machine",
			"amount": 1
		},
		{
			"mode": "output",
			"output_slot": "output",
			"type": "custommachinery:item",
			"item": "minecraft:iron_nugget",
			"amount": 48
		},
		{
			"mode": "output",
			"output_slot": "output2",
			"type": "custommachinery:item",
			"item": "kubejs:nugget_meld",
			"amount": 2
		},
		{
			"mode": "output",
			"output_slot": "output3",
			"type": "custommachinery:item",
			"item": "minecraft:gold_nugget",
			"amount": 4
		},
		{
			"mode": "output",
			"output_slot": "fluid_output",
			"type": "custommachinery:fluid",
			"fluid": "create_enchantment_industry:experience",
			"amount": 14
		},
		{
			"mode": "output",
			"output_slot": "fluid_output2",
			"type": "custommachinery:fluid",
			"fluid": "tconstruct:molten_glass",
			"amount": 2000
		}
	]
}