{
	"type": "custommachinery:custom_machine",
	"machine": "quintessence:arc_furnace",
	"jeiPriority": 784,
	"time": 150,
	"requirements": [
		{
			"type": "custommachinery:energy",
			"mode": "input",
			"amount": 6000
		},
		{
			"mode": "input",
			"type": "custommachinery:item",
			"item": "lightmanscurrency:tax_block",
			"amount": 1
		},
		{
			"mode": "output",
			"output_slot": "output",
			"type": "custommachinery:item",
			"item": "kubejs:nugget_meld",
			"amount": 30
		},
		{
			"mode": "output",
			"output_slot": "output2",
			"type": "custommachinery:item",
			"item": "minecraft:iron_nugget",
			"amount": 1
		},
		{
			"mode": "output",
			"output_slot": "output3",
			"type": "custommachinery:item",
			"item": "thermal:netherite_nugget",
			"amount": 6
		},
		{
			"mode": "output",
			"output_slot": "fluid_output",
			"type": "custommachinery:fluid",
			"fluid": "create_enchantment_industry:experience",
			"amount": 20
		},
		{
			"mode": "output",
			"output_slot": "fluid_output2",
			"type": "custommachinery:fluid",
			"fluid": "thermal:redstone",
			"amount": 50
		},
		{
			"mode": "output",
			"output_slot": "fluid_output3",
			"type": "custommachinery:fluid",
			"fluid": "thermal:ender",
			"amount": 125
		}
	]
}