{
	"conditions": [
		{
			"type": "forge:mod_loaded",
			"modid": "yungscavebiomes"
		}
	],
    "type": "yungscavebiomes:ice_cube",
    "name": "entity.yungscavebiomes.ice_cube",
    "name_color": "#849DCA",
    "gui_scale": 0.8,
    "gui_x_offset": 0,
    "gui_y_offset": 0,
    "gui_z_offset": 0,
    "sim_cost": 128,
    "input": {
        "item": "hostilenetworks:empty_prediction"
    },
    "base_drop": {
        "item": "hostilenetworks:overworld_prediction"
    },
    "trivia": "custom.trivia.ice_cube",
    "fabricator_drops": [
        {
            "item": "minecraft:ice",
            "count": 18
        },
        {
            "item": "minecraft:packed_ice",
            "count": 2
        },
        {
			"optional": true,
            "item": "byg:black_ice",
            "count": 6
        }
    ],
    "tier_data": [
        6,
        12,
        48,
        60
    ],
    "data_per_kill": [
        6,
        9,
        12,
        15
    ]
}