{
	"conditions": [
		{
			"type": "forge:mod_loaded",
			"modid": "create"
		}
	],
	"type": "tconstruct:melting",
	"ingredient": {
		"item": "create:wand_of_symmetry"
	},
	"result": {
		"fluid": "tconstruct:molten_glass",
		"amount": 3000
	},
	"byproducts": [
		{
			"fluid": "tconstruct:molten_obsidian",
			"amount": 1000
		},
		{
			"fluid": "tconstruct:molten_ender",
			"amount": 250
		},
		{
			"fluid": "tconstruct:molten_brass",
			"amount": 90
		},
		{
			"fluid": "tconstruct:molten_gold",
			"amount": 90
		},
		{
			"fluid": "tconstruct:molten_iron",
			"amount": 10
		}
	],
	"temperature": 750,
	"time": 300
}