{
	"type": "custommachinery:custom_machine",
	"machine": "quintessence:coinifier",
	"jeiPriority": 49,
	"time": 140,
	"requirements": [
		{
			"type": "custommachinery:energy",
			"mode": "input",
			"amount": 2500
		},
		{
			"mode": "input",
			"type": "custommachinery:item",
			"item": "twilightforest:charm_of_keeping_1",
			"amount": 1
		},
		{
			"mode": "output",
			"output_slot": "left_output",
			"type": "custommachinery:item",
			"item": "lightmanscurrency:coin_gold",
			"amount": 6
		},
		{
			"mode": "output",
			"output_slot": "middle_output",
			"type": "custommachinery:item",
			"item": "lightmanscurrency:coin_iron",
			"amount": 2
		},
		{
			"mode": "output",
			"output_slot": "right_output",
			"type": "custommachinery:item",
			"item": "lightmanscurrency:coin_copper",
			"amount": 5
		}
	]
}