{
	"type": "custommachinery:custom_machine",
	"machine": "quintessence:coinifier",
	"jeiPriority": 98,
	"time": 140,
	"requirements": [
		{
			"type": "custommachinery:energy",
			"mode": "input",
			"amount": 2500
		},
		{
			"mode": "input",
			"type": "custommachinery:item",
			"item": "#minecraft:music_discs",
			"amount": 1
		},
		{
			"mode": "output",
			"output_slot": "middle_output",
			"type": "custommachinery:item",
			"item": "lightmanscurrency:coin_gold",
			"amount": 1
		}
	]
}