{
	"type": "custommachinery:custom_machine",
	"machine": "quintessence:coinifier",
	"jeiPriority": 85,
	"time": 200,
	"requirements": [
		{
			"type": "custommachinery:energy",
			"mode": "input",
			"amount": 5000
		},
		{
			"mode": "input",
			"type": "custommachinery:item",
			"item": "enigmaticlegacy:unholy_grail",
			"amount": 1
		},
		{
			"mode": "output",
			"output_slot": "middle_output",
			"type": "custommachinery:item",
			"item": "lightmanscurrency:coin_emerald",
			"amount": 1
		}
	]
}