{
	"type": "custommachinery:custom_machine",
	"machine": "quintessence:coinifier",
	"jeiPriority": 95,
	"time": 300,
	"requirements": [
		{
			"type": "custommachinery:energy",
			"mode": "input",
			"amount": 15000
		},
		{
			"mode": "input",
			"type": "custommachinery:item",
			"item": "quark:diamond_heart",
			"amount": 1
		},
		{
			"mode": "output",
			"output_slot": "left_output",
			"type": "custommachinery:item",
			"item": "lightmanscurrency:coin_diamond",
			"amount": 2
		},
		{
			"mode": "output",
			"output_slot": "middle_output",
			"type": "custommachinery:item",
			"item": "lightmanscurrency:coin_emerald",
			"amount": 5
		}
	]
}