{
	"type": "custommachinery:custom_machine",
	"machine": "quintessence:coinifier",
	"jeiPriority": 47,
	"time": 300,
	"requirements": [
		{
			"type": "custommachinery:energy",
			"mode": "input",
			"amount": 15000
		},
		{
			"mode": "input",
			"type": "custommachinery:item",
			"item": "twilightforest:charm_of_keeping_3",
			"amount": 1
		},
		{
			"mode": "output",
			"output_slot": "middle_output",
			"type": "custommachinery:item",
			"item": "lightmanscurrency:coin_diamond",
			"amount": 1
		}
	]
}