{
	"type": "custommachinery:custom_machine",
	"machine": "quintessence:coinifier",
	"jeiPriority": 100,
	"time": 60,
	"requirements": [
		{
			"type": "custommachinery:energy",
			"mode": "input",
			"amount": 500
		},
		{
			"mode": "input",
			"type": "custommachinery:item",
			"item": "conjurer_illager:throwing_card",
			"amount": 1
		},
		{
			"mode": "output",
			"output_slot": "middle_output",
			"type": "custommachinery:item",
			"item": "lightmanscurrency:coin_copper",
			"amount": 1
		}
	]
}