{
	"type": "custommachinery:custom_machine",
	"machine": "quintessence:coinifier",
	"jeiPriority": 94,
	"time": 100,
	"requirements": [
		{
			"type": "custommachinery:energy",
			"mode": "input",
			"amount": 1000
		},
		{
			"mode": "input",
			"type": "custommachinery:item",
			"item": "quark:blank_rune",
			"amount": 1
		},
		{
			"mode": "output",
			"output_slot": "middle_output",
			"type": "custommachinery:item",
			"item": "lightmanscurrency:coin_iron",
			"amount": 9
		}
	]
}