{
	"type": "custommachinery:custom_machine",
	"machine": "quintessence:arc_furnace",
	"jeiPriority": 498,
	"time": 120,
	"requirements": [
		{
			"type": "custommachinery:energy",
			"mode": "input",
			"amount": 3000
		},
		{
			"mode": "input",
			"type": "custommachinery:item",
			"item": "lctech:energy_capacity_upgrade_1",
			"amount": 1
		},
		{
			"mode": "output",
			"output_slot": "output",
			"type": "custommachinery:item",
			"item": "minecraft:iron_nugget",
			"amount": 12
		},
		{
			"mode": "output",
			"output_slot": "output2",
			"type": "custommachinery:item",
			"item": "thermal:copper_nugget",
			"amount": 24
		},
		{
			"mode": "output",
			"output_slot": "fluid_output",
			"type": "custommachinery:fluid",
			"fluid": "create_enchantment_industry:experience",
			"amount": 20
		},
		{
			"mode": "output",
			"output_slot": "fluid_output2",
			"type": "custommachinery:fluid",
			"fluid": "thermal:redstone",
			"amount": 100
		}
	]
}