{
	"conditions": [
		{
			"type": "forge:mod_loaded",
			"modid": "create"
		}
	],
	"type": "tconstruct:melting",
	"ingredient": {
		"item": "create:smart_fluid_pipe"
	},
	"result": {
		"fluid": "tconstruct:molten_brass",
		"amount": 90
	},
	"byproducts": [
		{
			"fluid": "tconstruct:molten_copper",
			"amount": 67
		},
		{
			"fluid": "tconstruct:molten_iron",
			"amount": 90
		},
		{
			"fluid": "tconstruct:molten_quartz",
			"amount": 100
		}
	],
	"temperature": 605,
	"time": 180
}