{
	"conditions": [
		{
			"type": "forge:mod_loaded",
			"modid": "create"
		}
	],
	"type": "tconstruct:melting",
	"ingredient": [
		{
			"item": "create:propeller"
		},
		{
			"item": "create:encased_fan"
			},
		{
			"item": "create:empty_blaze_burner"
		},
		{
			"item": "create:mechanical_saw"
		},
		{
			"item": "create:speedometer"
		},
		{
			"item": "create:stressometer"
		}
	],
	"result": {
		"fluid": "tconstruct:molten_iron",
		"amount": 360
	},
	"temperature": 800,
	"time": 300
}