{
	"display": {
		"icon": {
			"item": "xlfoodmod:pumpkin_stew"
		},
		"title": {
			"text": "Advanced Cooking Recipes"
		},
		"description": {
			"text": "I need to look into making more advanced foods. Like some kind of liquidy bowl of various ingredients? Soup, I think it was called?"
		},
		"x": 0,
		"y": 4
	},
	"parent": "cyborg:survival/basic_cooking",
	"idea": {
		"amount": 3,
		"ingredients": [
			"#fuel",
			"#cooking",
			{
				"item": "wrcbe:material",
				"data": 1
			},
			{
				"type": "forge:ore_dict",
				"ore": "bowlWood"
			},
			{
				"type": "forge:ore_dict",
				"ore": "listAllmeatcooked"
			},
			{
				"type": "ftgumod:fluid",
				"fluid": "pyrotheum"
			},
			{
				"type": "ftgumod:fluid",
				"fluid": "water"
			},
			{
				"type": "ftgumod:fluid",
				"fluid": "lava"
			}
		]
	},
	"research": {
		"type": "ftgumod:match",
		"pattern": [
			"SSS",
			"B B",
			" B "
		],
		"key": {
			"S": {
				"item": [
					"minecraft:egg",
					"minecraft:golden_carrot",
					"minecraft:melon",
					"minecraft:melon_block",
					"minecraft:pumpkin",
					"minecraft:spider_eye",
					"minecraft:cooked_beef",
					"alchemistry:mineral_salt",
					"byg:cookedcarrot",
					"byg:cookedspidereye",
					"byg:cookedpufferfish",
					"byg:cookedtropicalfish",
					"xlfoodmod:pepper",
					"xlfoodmod:cheese",
					"xlfoodmod:tortilla",
					"xlfoodmod:crouton",
					"xlfoodmod:ground_beef",
					"xlfoodmod:tomato_sauce",
					"xlfoodmod:cooked_dough",
					{
						"type": "forge:ore_dict",
						"ore": "mushroom"
					},
					{
						"type": "forge:ore_dict",
						"ore": "glowshroom"
					},
					{
						"type": "forge:ore_dict",
						"ore": "listAllmeatraw"
					},
					{
						"type": "forge:ore_dict",
						"ore": "listAllmeatcooked"
					},
					{
						"type": "forge:ore_dict",
						"ore": "listAllvegetable"
					},
					{
						"type": "forge:ore_dict",
						"ore": "listAllseed"
					},
					{
						"type": "forge:ore_dict",
						"ore": "dustSalt"
					},
					{
						"type": "ftgumod:fluid",
						"fluid": "pyrotheum"
					},
					{
						"type": "ftgumod:fluid",
						"fluid": "water"
					},
					{
						"type": "ftgumod:fluid",
						"fluid": "lava"
					}
				],
				"hint": {
					"text": "Soup Ingredient"
				},
				"decipher": {
					"decipher": {
						"block": "xlfoodmod:rock_salt",
						"data": 32767
					},
					"hint": "Salt is a good seasoning."
				}
			},
			"B": {
				"item": [
					"#wood",
					"#stone",
					"minecraft:clay",
					"minecraft:clay_ball",
					"ceramics:clay_soft",
					{
						"item": "ceramics:unfired_clay",
						"data": 4
					},
					{
						"item": "ceramics:unfired_clay",
						"data": 5
					},
					{
						"item": "ceramics:unfired_clay",
						"data": 8
					},
					{
						"item": "ceramics:unfired_clay",
						"data": 9
					}
				],
				"hint": {
					"text": "Bowl Base"
			},
				"decipher": {
					"decipher": {
						"block": "minecraft:log",
						"data": 32767
					},
					"hint": "I could make wooden bowls if needed."
				}
		}
	  }
	},
	"unlock": [
		{
            "type": "gamestages:stage",
            "stage": "advanced_cooking",
            "message": "Updating recipe archives.... update complete."
        }
	]
}