{
	"type": "custommachinery:custom_machine",
	"machine": "quintessence:arc_furnace",
	"jeiPriority": 700,
	"time": 120,
	"requirements": [
		{
			"type": "custommachinery:energy",
			"mode": "input",
			"amount": 3000
		},
		{
			"mode": "input",
			"type": "custommachinery:item",
			"item": "lightmanscurrency:coin_chest_exchange_upgrade",
			"amount": 1
		},
		{
			"mode": "output",
			"output_slot": "output",
			"type": "custommachinery:item",
			"item": "minecraft:iron_nugget",
			"amount": 36
		},
		{
			"mode": "output",
			"output_slot": "fluid_output",
			"type": "custommachinery:fluid",
			"fluid": "create_enchantment_industry:experience",
			"amount": 14
		},
		{
			"mode": "output",
			"output_slot": "fluid_output2",
			"type": "custommachinery:fluid",
			"fluid": "thermal:redstone",
			"amount": 100
		},
		{
			"mode": "output",
			"output_slot": "fluid_output3",
			"type": "custommachinery:fluid",
			"fluid": "tconstruct:molten_glass",
			"amount": 250
		}
	]
}