{
	"type": "minecraft:enderman",
	"name": "entity.minecraft.enderman",
	"name_color": "#161616",
	"gui_scale": 0.75,
	"gui_x_offset": 0,
	"gui_y_offset": 0,
	"gui_z_offset": 0,
	"sim_cost": 512,
	"input": {
		"item": "hostilenetworks:empty_prediction"
	},
	"base_drop": {
		"item": "hostilenetworks:end_prediction"
	},
	"trivia": "hostilenetworks.trivia.enderman",
	"fabricator_drops": [
		{
			"item": "minecraft:ender_pearl",
			"count": 16
		},
		{
			"optional": true,
			"item": "evilcraft:ender_tear",
			"count": 4
		},
		{
			"optional": true,
			"item": "reliquary:nebulous_heart",
			"count": 2
		}
	]
}