{
    "type": "minecraft:guardian",
    "name": "entity.minecraft.guardian",
    "name_color": "#6A9583",
    "gui_scale": 1,
    "gui_x_offset": 0,
    "gui_y_offset": 0,
    "gui_z_offset": 0,
    "sim_cost": 256,
    "input": {
        "item": "hostilenetworks:empty_prediction"
    },
    "base_drop": {
        "item": "hostilenetworks:overworld_prediction"
    },
    "trivia": "hostilenetworks.trivia.guardian",
    "fabricator_drops": [
        {
            "item": "minecraft:cod",
            "count": 24
        },
        {
			"optional": true,
            "item": "upgrade_aquatic:pike",
            "count": 4
        },
        {
			"optional": true,
            "item": "upgrade_aquatic:perch",
            "count": 4
        },
        {
			"optional": true,
            "item": "upgrade_aquatic:lionfish",
            "count": 4
        },
        {
            "item": "minecraft:prismarine_crystals",
            "count": 16
        },
        {
            "optional": true,
            "item": "reliquary:guardian_spike",
            "count": 2
        }
    ]
}