{
    "type": "minecraft:sheep",
    "subtypes": [
        "ad_astra:glacian_ram",
        "twilightforest:bighorn_sheep"
    ],
    "name": "entity.minecraft.sheep",
    "name_color": "rainbow",
	"display_nbt": {
        "CustomName": "{\"text\":\"jeb_\"}"
    },
    "gui_scale": 0.9,
    "gui_x_offset": 0,
    "gui_y_offset": 0,
    "gui_z_offset": 0,
    "sim_cost": 64,
    "input": {
        "item": "hostilenetworks:empty_prediction"
    },
    "base_drop": {
        "item": "hostilenetworks:overworld_prediction"
    },
    "trivia": "hostilenetworks.trivia.sheep",
    "fabricator_drops": [
        {
            "item": "minecraft:white_wool",
            "count": 32
        },
        {
            "item": "minecraft:orange_wool",
            "count": 32
        },
        {
            "item": "minecraft:magenta_wool",
            "count": 32
        },
        {
            "item": "minecraft:light_blue_wool",
            "count": 32
        },
        {
            "item": "minecraft:yellow_wool",
            "count": 32
        },
        {
            "item": "minecraft:lime_wool",
            "count": 32
        },
        {
            "item": "minecraft:pink_wool",
            "count": 32
        },
        {
            "item": "minecraft:gray_wool",
            "count": 32
        },
        {
            "item": "minecraft:light_gray_wool",
            "count": 32
        },
        {
            "item": "minecraft:cyan_wool",
            "count": 32
        },
        {
            "item": "minecraft:purple_wool",
            "count": 32
        },
        {
            "item": "minecraft:blue_wool",
            "count": 32
        },
        {
            "item": "minecraft:brown_wool",
            "count": 32
        },
        {
            "item": "minecraft:green_wool",
            "count": 32
        },
        {
            "item": "minecraft:red_wool",
            "count": 32
        },
        {
            "item": "minecraft:black_wool",
            "count": 32
        },
        {
            "item": "minecraft:mutton",
            "count": 32
        },
        {
            "optional": true,
            "item": "potionsmaster:bezoar",
            "count": 16
        }
    ]
}