{
    "type": "minecraft:tropical_fish",
    "name": "entity.minecraft.tropical_fish",
    "name_color": "#F16E20",
    "gui_scale": 1,
    "gui_x_offset": 0,
    "gui_y_offset": 0,
    "gui_z_offset": 0,
    "sim_cost": 32,
    "input": {
        "item": "hostilenetworks:empty_prediction"
    },
    "base_drop": {
        "item": "hostilenetworks:overworld_prediction"
    },
    "trivia": "custom.trivia.tropical_fish",
    "fabricator_drops": [
        {
            "optional": true,
            "item": "croptopia:roe",
            "count": 64
        },
        {
            "item": "minecraft:tropical_fish",
            "count": 32
        },
        {
            "item": "minecraft:bone_meal",
            "count": 2
        }
    ]
}