{
    "type": "minecraft:zombified_piglin",
    "subtypes": [
        "minecraft:piglin",
        "minecraft:piglin_brute",
        "ad_astra:pygro",
        "ad_astra:pygro_brute",
        "ad_astra:zombified_pygro"
    ],
    "name": "entity.minecraft.zombified_piglin",
    "name_color": "#3B992F",
    "gui_scale": 1,
    "gui_x_offset": 0,
    "gui_y_offset": 0,
    "gui_z_offset": 0,
    "sim_cost": 256,
    "input": {
        "item": "hostilenetworks:empty_prediction"
    },
    "base_drop": {
        "item": "hostilenetworks:nether_prediction"
    },
    "trivia": "hostilenetworks.trivia.zombified_piglin",
    "fabricator_drops": [
        {
            "item": "minecraft:rotten_flesh",
            "count": 64
        },
        {
            "item": "minecraft:gold_ingot",
            "count": 8
        }
    ]
}