{
	"type": "custommachinery:custom_machine",
	"machine": "quintessence:shredder",
	"jeiPriority": 292,
	"time": 40,
	"requirements": [
		{
			"type": "custommachinery:energy",
			"mode": "input",
			"amount": 1000
		},
		{
			"mode": "input",
			"type": "custommachinery:item",
			"item": "twilightforest:yeti_leggings",
			"amount": 1
		},
		{
			"mode": "output",
			"id": "output",
			"type": "custommachinery:item",
			"item": "twilightforest:alpha_yeti_fur",
			"amount": 3
		},
		{
			"mode": "output",
			"id": "output2",
			"type": "custommachinery:item",
			"item": "twilightforest:alpha_yeti_fur",
			"chance": 0.5,
			"amount": 1
		}
	]
}