{
	"type": "custommachinery:custom_machine",
	"machine": "quintessence:shredder",
	"jeiPriority": 296,
	"time": 40,
	"requirements": [
		{
			"type": "custommachinery:energy",
			"mode": "input",
			"amount": 750
		},
		{
			"mode": "input",
			"type": "custommachinery:item",
			"item": "#quintessence:hats",
			"amount": 1
		},
		{
			"mode": "output",
			"id": "output",
			"type": "custommachinery:item",
			"item": "kubejs:shredded_hide",
			"amount": 3
		},
		{
			"mode": "output",
			"id": "output2",
			"type": "custommachinery:item",
			"item": "kubejs:pulp",
			"amount": 2
		}
	]
}