{
	"type": "custommachinery:custom_machine",
	"machine": "quintessence:shredder",
	"jeiPriority": 295,
	"time": 30,
	"requirements": [
		{
			"type": "custommachinery:energy",
			"mode": "input",
			"amount": 750
		},
		{
			"mode": "input",
			"type": "custommachinery:item",
			"item": "simplyjetpacks:strap",
			"amount": 1
		},
		{
			"mode": "output",
			"id": "output",
			"type": "custommachinery:item",
			"item": "kubejs:shredded_hide",
			"amount": 4
		},
		{
			"mode": "output",
			"id": "output2",
			"type": "custommachinery:item",
			"item": "kubejs:small_iron_scrap",
			"amount": 2
		}
	]
}