{
	"ticks": 400,
	"structureId": "machines:crystal_transmutator",
	"inputs": [
	{
	"type": "mm:input/consume",
		"ingredient": {
			"type": "mm:energy",
			"amount": 8000
		}
	},
	{
	"type": "mm:input/consume",
		"ingredient": {
			"type": "mm:item",
			"tag": "forge:gems/xychorium",
			"count": 8
		}
	},
	{
	"type": "mm:input/consume",
		"ingredient": {
			"type": "mm:item",
			"tag": "forge:ingots/neodymium",
			"count": 1
		}
	}
	],
	"outputs": [
    {
	"type": "mm:output/simple",
	"chance": 0.25,
		"ingredient": {
			"type": "mm:item",
			"item": "xycraft_world:xychorium_gem_light",
			"count": 2
		}
    },
	{
	"type": "mm:output/simple",
		"ingredient": {
			"type": "mm:item",
			"item": "ae2:certus_quartz_crystal",
			"count": 4
		}
	},
	{
	"type": "mm:output/simple",
	"chance": 0.5,
		"ingredient": {
			"type": "mm:item",
			"item": "ae2:certus_quartz_crystal",
			"count": 2
		}
	}
  ]
}