{
	"display": {
		"icon": {
			"item": "artisanworktables:worktable",
			"data": 12
		},
		"title": {
			"text": "Designing"
		},
		"description": {
			"text": "To design more advanced structures, I'll need a big table for blueprints."
		},
		"x": 1,
		"y": 5
	},
	"parent": "cyborg:crafting/basic",
	"idea": {
		"amount": 2,
		"ingredients": [
			"#tech",
			"#book",
			"#brick",
			"#artisan",
			{
				"item": "artisanworktables:worktable",
				"data": 5
			},
			{
				"item": "artisanworktables:workstation",
				"data": 5
			},
			{
				"item": "artisanworktables:worktable",
				"data": 6
			},
			{
				"item": "artisanworktables:workstation",
				"data": 6
			},
			{
				"item": "artisanworktables:workshop",
				"data": 6
			},
			{
				"type": "forge:ore_dict",
				"ore": "dyeBlue"
			},
			{
				"type": "forge:ore_dict",
				"ore": "bricksStone"
			},
			{
				"type": "forge:ore_dict",
				"ore": "artisansHammer"
			},
			{
				"type": "forge:ore_dict",
				"ore": "artisansSpanner"
			},
			{
				"type": "forge:ore_dict",
				"ore": "artisansCutters"
			},
			{
				"type": "forge:ore_dict",
				"ore": "artisansPliers"
			}
		]
	},
	"research": {
		"type": "ftgumod:match",
		"pattern": [
			"CKC",
			"STS",
			"S S"
		],
		"key": {
			"C": {
				"item": [
					"glacidus:crysium",
					"glacidus:crystal_block",
					"glacidus:eukeite",
					{
						"type": "forge:ore_dict",
						"ore": "dustElectrotine"
					},
					{
						"type": "forge:ore_dict",
						"ore": "dyeCyan"
					},
					{
						"type": "forge:ore_dict",
						"ore": "dyeLightBlue"
					},
					{
						"type": "forge:ore_dict",
						"ore": "dyeBlue"
					}
				],
				"hint": {
					"text": "Table Colouring"
				}
			},
			"K": {
				"item": [
					"#book",
					"ftgumod:parchment_empty"
				],
				"hint": {
					"text": "Knowledge Repository"
				},
				"decipher": {
					"decipher": {
						"block": "minecraft:bookshelf",
						"data": 32767
					},
					"hint": "This holds quite a bit of knowledge.... it would make for a great place to store designs."
				}
			},
			"S": {
				"item": [
					"#brick",
					"#stone",
					"#wood"
				],
				"hint": {
					"text": "Table Supports"
				},
				"decipher": {
					"decipher": {
						"block": "minecraft:log",
						"data": 32767
					},
					"hint": "Wood easily support what I need."
				}
			},
			"T": {
				"item": [
					"sct:stone_crafting_table",
					{
						"item": "artisanworktables:worktable",
						"data": 3
					},
					{
						"item": "artisanworktables:workstation",
						"data": 3
					},
					{
						"item": "artisanworktables:worktable",
						"data": 5
					},
					{
						"item": "artisanworktables:workstation",
						"data": 5
					},
					{
						"item": "artisanworktables:worktable",
						"data": 6
					},
					{
						"item": "artisanworktables:workstation",
						"data": 6
					},
					{
						"item": "artisanworktables:workshop",
						"data": 6
					}
				],
				"hint": {
					"text": "Sturdy Table Base"
				},
				"decipher": {
					"decipher": {
						"block": "minecraft:crafting_table",
						"data": 32767
					},
					"hint": "Crafing Tables make for a good table base."
				}
			}
	},
	"unlock": [
		"artisanworktables:design_pattern",
		{
			"item": "artisanworktables:worktable",
			"data": 12
		},
		{
			"item": "artisanworktables:workstation",
			"data": 12
		},
		{
			"item": "artisanworktables:workshop",
			"data": 12
		}
		]
	}
}