{
	"display": {
		"icon": {
			"item": "contenttweaker:recycling_icon",
			"data": 0
		},
		"title": {
			"text": "Recycling"
		},
		"description": {
			"text": "I could find some ways to recycle things and save on resources."
		},
		"x": -1,
		"y": 4
	},
	"parent": "cyborg:crafting/basic",
	"idea": {
		"amount": 2,
		"ingredients": [
			"#wood",
			"#stone",
			"#iron",
			"#steel",
			"#diamond",
			"#gemstones",
			"#prismarine",
			"#artisan",
			{
				"type": "forge:ore_dict",
				"ore": "workbench"
			},
			{
				"type": "forge:ore_dict",
				"ore": "artisansHammer"
			},
			{
				"type": "forge:ore_dict",
				"ore": "artisansCutters"
			}
		]
	},
	"unlock": [
		"contenttweaker:recycling"
	]
}