{
	"display": {
		"icon": {
			"item": "artisanworktables:worktable",
			"data": 9
		},
		"title": {
			"text": "Science-ing"
		},
		"description": {
			"text": "In order to study more advanced things properly, I'll need a highly specialized table."
		},
		"x": -4,
		"y": 0
	},
	"parent": "cyborg:crafting/engineering",
	"idea": {
		"amount": 3,
		"ingredients": [
			"#fuel",
			"#tech",
			"#iron",
			"#steel",
			"#quartz",
			"#artisan",
			"minecraft:nether_wart",
			"minecraft:netherbrick",
			"minecraft:nether_brick",
			"minecraft:nether_brick_fence",
			"minecraft:slime",
			"coalprocessing:compressed_coal",
			"glacidus:residuum",
			{
				"item": "artisanworktables:worktable",
				"data": 5
			},
			{
				"item": "artisanworktables:workstation",
				"data": 5
			},
			{
				"item": "artisanworktables:worktable",
				"data": 6
			},
			{
				"item": "artisanworktables:workstation",
				"data": 6
			},
			{
				"type": "forge:ore_dict",
				"ore": "dustCoal"
			},
			{
				"type": "forge:ore_dict",
				"ore": "dustCharcoal"
			},
			{
				"type": "forge:ore_dict",
				"ore": "slimeball"
			},
			{
				"type": "forge:ore_dict",
				"ore": "itemSilicon"
			},
			{
				"type": "forge:ore_dict",
				"ore": "ingotSilicon"
			},
			{
				"type": "forge:ore_dict",
				"ore": "artisansPliers"
			},
			{
				"type": "forge:ore_dict",
				"ore": "artisansBurner"
			},
			{
				"type": "forge:ore_dict",
				"ore": "artisansBeaker"
			},
			{
				"type": "forge:ore_dict",
				"ore": "artisansSolderer"
			},
			{
				"type": "forge:ore_dict",
				"ore": "artisansSpanner"
			}
		]
	},
	"research": {
		"type": "ftgumod:match",
		"pattern": [
			"SSS",
			"VTV",
			"VFV"
		],
		"key": {
			"S": {
				"item": [
					"#iron",
					"#steel",
					{
						"type": "forge:ore_dict",
						"ore": "ingotObsidian"
					},
					{
						"type": "forge:ore_dict",
						"ore": "ingotTungsten"
					},
					{
						"type": "forge:ore_dict",
						"ore": "ingotMithril"
					},
					{
						"type": "forge:ore_dict",
						"ore": "obsidian"
					}
				],
				"hint": {
					"text": "Sterile Table Surface"
				},
				"decipher": {
					"decipher": {
						"block": "minecraft:iron_block",
						"data": 32767
					},
					"hint": "Iron's metallic nature renders it sterile enough for the work I require."
				}
			},
			"V": {
				"item": [
					"#iron",
					"#steel",
					"#brick",
					"#terracotta"
				],
				"hint": {
					"text": "Strong Support"
				},
				"decipher": {
					"decipher": {
						"block": "minecraft:brick_block",
						"data": 32767
					},
					"hint": "Bricks are quite strong, though I'm sure there are stronger things (if needed...)"
				}
			},
			"T": {
				"item": [
					"openblocks:drawing_table",
					{
						"item": "artisanworktables:worktable",
						"data": 5
					},
					{
						"item": "artisanworktables:workstation",
						"data": 5
					},
					{
						"item": "artisanworktables:worktable",
						"data": 6
					},
					{
						"item": "artisanworktables:workstation",
						"data": 6
					},
					{
						"item": "artisanworktables:workshop",
						"data": 6
					},
					{
						"type": "forge:ore_dict",
						"ore": "workbench"
					}
				],
				"hint": {
					"text": "Table Base"
				},
				"decipher": {
					"decipher": {
						"block": "minecraft:crafting_table",
						"data": 32767
					},
					"hint": "Crafing Tables make for a good table base."
				}
			},
			"F": {
				"item": [
					"minecraft:bucket",
					"ceramics:clay_bucket",
					"ceramics:unfired_clay",
					"industrialforegoing:black_hole_tank",
					"openblocks:tank",
					"thermalexpansion:tank",
					{
						"item": "ceramics:clay_barrel",
						"data": 32767
					},
					{
						"item": "ceramics:clay_barrel_unfired",
						"data": 32767
					},
					{
						"item": "ceramics:porcelain_barrel",
						"data": 32767
					},
					{
						"item": "ceramics:porcelain_barrel_extension",
						"data": 32767
					}
				],
				"hint": {
					"text": "Fluid Storage"
				},
				"decipher": {
					"decipher": {
						"block": "openblocks:tank",
						"data": 32767
					},
					"hint": "Stores fluids quite well."
				}
			}
		}
	},
	"unlock": [
		{
			"item": "artisanworktables:worktable",
			"data": 9
		},
		{
			"item": "artisanworktables:workstation",
			"data": 9
		}
	]
}