{
	"display": {
		"icon": {
			"item": "artisanworktables:mechanical_toolbox",
			"data": 0
		},
		"title": {
			"text": "Automatic Tool Storage"
		},
		"description": {
			"text": "Perhaps I could fashion a toolbox that replaces them for me if they break during crafting?"
		},
		"x": -3,
		"y": 5
	},
	"parent": "cyborg:crafting/toolbox",
	"idea": {
		"amount": 2,
		"ingredients": [
			"#iron",
			"#artisan",
			"#redstone",
			"#electrotine",
			"artisanworktables:toolbox",
			{
				"type": "forge:ore_dict",
				"ore": "artisansHandsaw"
			},
			{
				"type": "forge:ore_dict",
				"ore": "artisansSpanner"
			}
		]
	},
	"research": {
		"type": "ftgumod:match",
		"pattern": [
			"CCC",
			"RTR",
			" R "
		],
		"key": {
			"C": {
				"item": [
					"#circuit",
					"#redstone",
					"#electrotine"
				],
				"hint": {
					"text": "Basic Electrical Circuitry"
				},
				"decipher": {
					"decipher": {
						"block": "minecraft:redstone_ore",
						"data": 32767
					},
					"hint": "This looks like it could be used to make basic circuitry."
				}
			},
			"R": {
				"item": [
					"#iron",
					"#steel",
					"#bronze"
				],
				"hint": {
					"text": "Metallic Reinforcements"
				},
				"decipher": {
					"decipher": {
						"block": "minecraft:iron_ore",
						"data": 32767
					},
					"hint": "Iron reinforcements would work well on anything, but especially here."
				}
			},
			"T": {
				"item": [
					"artisanworktables:toolbox",
					"industrialforegoing:mob_imprisonment_tool",
					"nhc:toolstation",
					{
						"item": "thermalfoundation:material",
						"data": 640
					},
					{
						"item": "thermalexpansion:strongbox",
						"data": 32767
					}
				],
				"hint": {
					"text": "Toolbox"
				}
			}
		}
	},
	"unlock": [
		"artisanworktables:mechanical_toolbox"
	]
}