{
    "type": "minecraft:bee",
    "name": "entity.minecraft.bee",
    "name_color": "#7D6933",
    "gui_scale": 1,
    "gui_x_offset": 0,
    "gui_y_offset": 0,
    "gui_z_offset": 0,
    "sim_cost": 48,
    "input": {
        "item": "hostilenetworks:empty_prediction"
    },
    "base_drop": {
        "item": "hostilenetworks:overworld_prediction"
    },
    "trivia": "custom.trivia.bee",
    "fabricator_drops": [
        {
            "item": "minecraft:honeycomb",
            "count": 8
        },
        {
            "item": "minecraft:honey_block",
            "count": 1
        }
    ]
}