{
    "type": "minecraft:elder_guardian",
    "name": "entity.minecraft.elder_guardian",
    "name_color": "#CBB1A5",
    "gui_scale": 0.5,
    "gui_x_offset": 0,
    "gui_y_offset": 0.5,
    "gui_z_offset": 0,
    "sim_cost": 1024,
    "input": {
        "item": "hostilenetworks:empty_prediction"
    },
    "base_drop": {
        "item": "hostilenetworks:overworld_prediction"
    },
    "trivia": "hostilenetworks.trivia.elder_guardian",
    "fabricator_drops": [
        {
            "item": "minecraft:cod",
            "count": 16
        },
        {
            "item": "minecraft:salmon",
            "count": 16
        },
        {
            "item": "minecraft:pufferfish",
            "count": 16
        },
        {
            "item": "minecraft:tropical_fish",
            "count": 16
        },
        {
			"optional": true,
            "item": "upgrade_aquatic:pike",
            "count": 16
        },
        {
			"optional": true,
            "item": "upgrade_aquatic:perch",
            "count": 16
        },
        {
			"optional": true,
            "item": "upgrade_aquatic:lionfish",
            "count": 16
        },
        {
			"optional": true,
            "item": "additionaladditions:trident_shard",
            "count": 1
        },
        {
			"optional": true,
            "item": "upgrade_aquatic:elder_eye",
            "count": 1
        },
		{
			"optional": true,
            "item": "upgrade_aquatic:elder_guardian_spine",
            "count": 1
        },
        {
            "item": "minecraft:prismarine_crystals",
            "count": 8
        },
        {
            "item": "minecraft:prismarine_shard",
            "count": 24
        },
        {
            "item": "minecraft:wet_sponge",
            "count": 32
        }
    ],
    "data_per_kill": [
        3,
        12,
        30,
        45
    ]
}