{
    "type": "minecraft:skeleton_horse",
    "name": "entity.minecraft.skeleton_horse",
    "name_color": "#BABABA",
    "gui_scale": 1,
    "gui_x_offset": 0,
    "gui_y_offset": 0,
    "gui_z_offset": 0,
    "sim_cost": 96,
    "input": {
        "item": "hostilenetworks:empty_prediction"
    },
    "base_drop": {
        "item": "hostilenetworks:overworld_prediction"
    },
    "trivia": "custom.trivia.skeleton_horse",
    "fabricator_drops": [
        {
            "item": "minecraft:saddle",
            "count": 1
        },
        {
            "item": "minecraft:bone",
            "count": 32
        },
        {
            "optional": true,
            "item": "reliquary:rib_bone",
            "count": 4
        }
    ]
}