{
	"type": "custommachinery:custom_machine",
	"machine": "quintessence:shredder",
	"jeiPriority": 822,
	"time": 20,
	"requirements": [
		{
			"type": "custommachinery:energy",
			"mode": "input",
			"amount": 500
		},
		{
			"mode": "input",
			"type": "custommachinery:item",
			"item": "#quintessence:torch",
			"amount": 1
		},
		{
			"mode": "output",
			"id": "output",
			"type": "custommachinery:item",
			"item": "thermal:sawdust",
			"chance": 0.25,
			"amount": 1
		},
		{
			"mode": "output",
			"id": "output",
			"type": "custommachinery:item",
			"item": "malum:coal_fragment",
			"chance": 0.1,
			"amount": 1
		}
	]
}