{
	"type": "custommachinery:custom_machine",
	"machine": "quintessence:shredder",
	"jeiPriority": 822,
	"time": 60,
	"requirements": [
		{
			"type": "custommachinery:energy",
			"mode": "input",
			"amount": 1500
		},
		{
			"mode": "input",
			"type": "custommachinery:item",
			"item": "#minecraft:wooden_stairs",
			"amount": 1
		},
		{
			"mode": "output",
			"id": "output",
			"type": "custommachinery:item",
			"item": "thermal:sawdust",
			"amount": 1
		},
		{
			"mode": "output",
			"id": "output2",
			"type": "custommachinery:item",
			"item": "thermal:sawdust",
			"amount": 1
		}
	]
}