{
	"conditions": [
		{
			"type": "forge:mod_loaded",
			"modid": "essentials"
		},
		{
			"type": "forge:tag_empty",
			"tag": "forge:ingots/bronze"
		}
	],
	"type": "tconstruct:melting",
	"ingredient": [
		{
			"item": "essentials:multi_piston"
		},
		{
			"item": "essentials:multi_piston_sticky"
		}
	],	
	"result": {
		"fluid": "tconstruct:molten_copper",
		"amount": 450
	},
	"byproducts": [
		{
			"fluid": "tconstruct:molten_iron",
			"amount": 360
		}
	],
	"temperature": 500,
	"time": 300
}