{
	"ticks": 100,
	"structureId": "machines:combiner",
	"inputs": [
	{
	"type": "mm:input/consume",
		"ingredient": {
			"type": "mm:item",
			"tag": "forge:dyes/light_gray",
			"count": 1
	  }
	},
	{
	"type": "mm:input/consume",
		"ingredient": {
			"type": "mm:item",
			"item": "forestry:ash",
			"count": 8
	  }
	},
	{
	"type": "mm:input/consume",
		"ingredient": {
			"type": "mm:item",
			"tag": "forge:gravel",
			"count": 4
	  }
	}
	],
	"outputs": [
	{
	"type": "mm:output/simple",
		"ingredient": {
			"type": "mm:item",
			"item": "minecraft:light_gray_concrete_powder",
			"count": 4
		}
	}
  ]
}