{
	"type": "custommachinery:custom_machine",
	"machine": "quintessence:shredder",
	"jeiPriority": 691,
	"time": 60,
	"requirements": [
		{
			"type": "custommachinery:energy",
			"mode": "input",
			"amount": 1000
		},
		{
			"mode": "input",
			"type": "custommachinery:item",
			"item": "lightmanscurrency:network_upgrade",
			"amount": 1
		},
		{
			"mode": "output",
			"id": "output",
			"type": "custommachinery:item",
			"item": "thermal:ender_pearl_dust",
			"amount": 1
		},
		{
			"mode": "output",
			"id": "output2",
			"type": "custommachinery:item",
			"item": "minecraft:blaze_powder",
			"chance": 0.5,
			"amount": 1
		},
		{
			"mode": "output",
			"id": "output3",
			"type": "custommachinery:item",
			"item": "kubejs:small_gold_scrap",
			"amount": 1
		}
	]
}