{
	"type": "custommachinery:custom_machine",
	"machine": "quintessence:shredder",
	"jeiPriority": 692,
	"time": 60,
	"requirements": [
		{
			"type": "custommachinery:energy",
			"mode": "input",
			"amount": 1000
		},
		{
			"mode": "input",
			"type": "custommachinery:item",
			"item": "lightmanscurrency:coin_chest_magnet_upgrade_4",
			"amount": 1
		},
		{
			"mode": "output",
			"id": "output",
			"type": "custommachinery:item",
			"item": "thermal:ender_pearl_dust",
			"amount": 1
		},
		{
			"mode": "output",
			"id": "output2",
			"type": "custommachinery:item",
			"item": "kubejs:small_copper_scrap",
			"amount": 1
		},
		{
			"mode": "output",
			"id": "output3",
			"type": "custommachinery:item",
			"item": "kubejs:small_iron_scrap",
			"amount": 1
		},
		{
			"mode": "output",
			"id": "output4",
			"type": "custommachinery:item",
			"item": "kubejs:small_gold_scrap",
			"amount": 1
		},
		{
			"mode": "output",
			"id": "output5",
			"type": "custommachinery:item",
			"item": "kubejs:small_emerald_scrap",
			"amount": 1
		}
	]
}