{
	"type": "custommachinery:custom_machine",
	"machine": "quintessence:shredder",
	"jeiPriority": 687,
	"time": 60,
	"requirements": [
		{
			"type": "custommachinery:energy",
			"mode": "input",
			"amount": 1000
		},
		{
			"mode": "input",
			"type": "custommachinery:item",
			"item": "lightmanscurrency:speed_upgrade_4",
			"amount": 1
		},
		{
			"mode": "output",
			"id": "output",
			"type": "custommachinery:item",
			"item": "kubejs:small_gold_scrap",
			"amount": 5
		},
		{
			"mode": "output",
			"id": "output2",
			"type": "custommachinery:item",
			"item": "minecraft:redstone",
			"chance": 0.5,
			"amount": 1
		},
		{
			"mode": "output",
			"id": "output3",
			"type": "custommachinery:item",
			"item": "kubejs:small_iron_scrap",
			"amount": 1
		},
		{
			"mode": "output",
			"id": "output4",
			"type": "custommachinery:item",
			"item": "kubejs:small_emerald_scrap",
			"amount": 1
		},
		{
			"mode": "output",
			"id": "output5",
			"type": "custommachinery:item",
			"item": "kubejs:small_diamond_scrap",
			"amount": 1
		}
	]
}