{
	"type": "custommachinery:custom_machine",
	"machine": "quintessence:shredder",
	"jeiPriority": 700,
	"time": 60,
	"requirements": [
		{
			"type": "custommachinery:energy",
			"mode": "input",
			"amount": 1000
		},
		{
			"mode": "input",
			"type": "custommachinery:item",
			"item": "lightmanscurrency:coin_chest_exchange_upgrade",
			"amount": 1
		},
		{
			"mode": "output",
			"id": "output",
			"type": "custommachinery:item",
			"item": "kubejs:small_iron_scrap",
			"amount": 6
		},
		{
			"mode": "output",
			"id": "output2",
			"type": "custommachinery:item",
			"item": "quark:dirty_shard",
			"chance": 0.35,
			"amount": 1
		},
		{
			"mode": "output",
			"id": "output3",
			"type": "custommachinery:item",
			"item": "minecraft:redstone",
			"chance": 0.5,
			"amount": 1
		},
		{
			"mode": "output",
			"id": "output4",
			"type": "custommachinery:item",
			"item": "minecraft:redstone",
			"chance": 0.5,
			"amount": 1
		}
	]
}