{
	"type": "custommachinery:custom_machine",
	"machine": "quintessence:shredder",
	"jeiPriority": 778,
	"time": 200,
	"requirements": [
		{
			"type": "custommachinery:energy",
			"mode": "input",
			"amount": 4000
		},
		{
			"mode": "input",
			"type": "custommachinery:item",
			"item": "lightmanscurrency:ticket_machine",
			"amount": 1
		},
		{
			"mode": "output",
			"id": "output",
			"type": "custommachinery:item",
			"item": "kubejs:small_iron_scrap",
			"amount": 4
		},
		{
			"mode": "output",
			"id": "output2",
			"type": "custommachinery:item",
			"item": "minecraft:black_dye",
			"amount": 2
		},
		{
			"mode": "output",
			"id": "output3",
			"type": "custommachinery:item",
			"item": "minecraft:redstone",
			"amount": 1
		},
		{
			"mode": "output",
			"id": "output4",
			"type": "custommachinery:item",
			"item": "minecraft:redstone",
			"chance": 0.5,
			"amount": 1
		}
	]
}