{
	"type": "custommachinery:custom_machine",
	"machine": "quintessence:shredder",
	"jeiPriority": 800,
	"time": 300,
	"requirements": [
		{
			"type": "custommachinery:energy",
			"mode": "input",
			"amount": 6000
		},
		{
			"mode": "input",
			"type": "custommachinery:item",
			"item": "lightmanscurrency:armor_display",
			"amount": 1
		},
		{
			"mode": "output",
			"id": "output",
			"type": "custommachinery:item",
			"item": "quark:dirty_shard",
			"amount": 5
		},
		{
			"mode": "output",
			"id": "output2",
			"type": "custommachinery:item",
			"item": "thermal:sawdust",
			"amount": 1
		},
		{
			"mode": "output",
			"id": "output3",
			"type": "custommachinery:item",
			"item": "thermal:sawdust",
			"chance": 0.5,
			"amount": 1
		},
		{
			"mode": "output",
			"id": "output4",
			"type": "custommachinery:item",
			"item": "kubejs:small_iron_scrap",
			"amount": 2
		},
		{
			"mode": "output",
			"id": "output5",
			"type": "custommachinery:item",
			"item": "kubejs:damaged_trading_core",
			"amount": 1
		}
	]
}