{
	"type": "custommachinery:custom_machine",
	"machine": "quintessence:shredder",
	"jeiPriority": 786,
	"time": 200,
	"requirements": [
		{
			"type": "custommachinery:energy",
			"mode": "input",
			"amount": 4000
		},
		{
			"mode": "input",
			"type": "custommachinery:item",
			"item": "#quintessence:gem_trading_terminal",
			"amount": 1
		},
		{
			"mode": "output",
			"id": "output",
			"type": "custommachinery:item",
			"item": "minecraft:amethyst_shard",
			"amount": 3
		},
		{
			"mode": "output",
			"id": "output2",
			"type": "custommachinery:item",
			"item": "minecraft:amethyst_shard",
			"chance": 0.5,
			"amount": 1
		},
		{
			"mode": "output",
			"id": "output3",
			"type": "custommachinery:item",
			"item": "thermal:ender_pearl_dust",
			"amount": 1
		},
		{
			"mode": "output",
			"id": "output4",
			"type": "custommachinery:item",
			"item": "minecraft:blaze_powder",
			"chance": 0.5,
			"amount": 1
		},
		{
			"mode": "output",
			"id": "output5",
			"type": "custommachinery:item",
			"item": "kubejs:powdered_stone",
			"amount": 1
		}
	]
}