{
	"type": "custommachinery:custom_machine",
	"machine": "quintessence:shredder",
	"jeiPriority": 779,
	"time": 200,
	"requirements": [
		{
			"type": "custommachinery:energy",
			"mode": "input",
			"amount": 4000
		},
		{
			"mode": "input",
			"type": "custommachinery:item",
			"item": "lightmanscurrency:paygate",
			"amount": 1
		},
		{
			"mode": "output",
			"id": "output",
			"type": "custommachinery:item",
			"item": "kubejs:small_iron_scrap",
			"amount": 6
		},
		{
			"mode": "output",
			"id": "output2",
			"type": "custommachinery:item",
			"item": "minecraft:redstone",
			"amount": 4
		},
		{
			"mode": "output",
			"id": "output3",
			"type": "custommachinery:item",
			"item": "minecraft:redstone",
			"chance": 0.5,
			"amount": 1
		},
		{
			"mode": "output",
			"id": "output4",
			"type": "custommachinery:item",
			"item": "kubejs:damaged_trading_core",
			"amount": 1
		},
		{
			"mode": "output",
			"id": "output5",
			"type": "custommachinery:item",
			"item": "minecraft:redstone",
			"chance": 0.5,
			"amount": 1
		},
		{
			"mode": "output",
			"id": "output6",
			"type": "custommachinery:item",
			"item": "thermal:sawdust",
			"chance": 0.25,
			"amount": 1
		}
	]
}