{
	"type": "custommachinery:custom_machine",
	"machine": "quintessence:shredder",
	"jeiPriority": 781,
	"time": 200,
	"requirements": [
		{
			"type": "custommachinery:energy",
			"mode": "input",
			"amount": 4000
		},
		{
			"mode": "input",
			"type": "custommachinery:item",
			"item": "lightmanscurrency:tax_block",
			"amount": 1
		},
		{
			"mode": "output",
			"id": "output",
			"type": "custommachinery:item",
			"item": "kubejs:small_gold_scrap",
			"amount": 4
		},
		{
			"mode": "output",
			"id": "output2",
			"type": "custommachinery:item",
			"item": "kubejs:small_iron_scrap",
			"amount": 5
		},
		{
			"mode": "output",
			"id": "output3",
			"type": "custommachinery:item",
			"item": "thermal:sawdust",
			"amount": 8
		},
		{
			"mode": "output",
			"id": "output4",
			"type": "custommachinery:item",
			"item": "kubejs:damaged_trading_core",
			"amount": 1
		}
	]
}