{
	"duration": 200,
	"structureId": "quintessence:coinifier",
	"name": {
		"translation": "recipes.mm.coinify"
	},
	"inputs": [
	{
	"type": "mm:simple",
		"ingredient": {
			"type": "mm:energy",
			"amount": 2000
		}
	},
	"type": "mm:simple",
		"ingredient": {
			"type": "mm:item",
			"tag": "minecraft:music_discs",
			"count": 1
		}
	],
	"outputs": [
    {
		"type": "mm:simple",
		"ingredient": {
			"type": "mm:item",
			"item": "lightmanscurrency:coin_gold",
			"amount": 1
      }
	}
  ]
}