{
	"ticks": 200,
	"structureId": "revolution:matter_reassembler",
	"inputs": [
	{
	"type": "mm:input/consume",
		"ingredient": {
			"type": "mm:energy",
			"amount": 4000
		}
	},
	{
	"type": "mm:input/consume",
		"ingredient": {
			"type": "mm:item",
			"item": "kubejs:ender_enigma",
			"count": 1
	  }
	},
	{
	"type": "mm:input/consume",
		"ingredient": {
			"type": "mm:item",
			"tag": "forge:crops",
			"count": 1
	  }
	}
	],
	"outputs": [
	{
	"type": "mm:output/simple",
		"ingredient": {
			"type": "mm:item",
			"item": "minecraft:chorus_fruit",
			"count": 1
		}
	}
  ]
}