{
	"type": "custommachinery:custom_machine",
	"machine": "quintessence:arc_furnace",
	"jeiPriority": 591,
	"time": 150,
	"requirements": [
		{
			"type": "custommachinery:energy",
			"mode": "input",
			"amount": 6000
		},
		{
			"mode": "input",
			"type": "custommachinery:item",
			"item": "lctech:fluid_tap_bundle",
			"amount": 1
		},
		{
			"mode": "output",
			"output_slot": "output",
			"type": "custommachinery:item",
			"item": "kubejs:nugget_meld",
			"amount": 12
		},
		{
			"mode": "output",
			"output_slot": "output2",
			"type": "custommachinery:item",
			"item": "minecraft:iron_nugget",
			"amount": 43
		},
		{
			"mode": "output",
			"output_slot": "fluid_output",
			"type": "custommachinery:fluid",
			"fluid": "create_enchantment_industry:experience",
			"amount": 10
		},
		{
			"mode": "output",
			"output_slot": "fluid_output2",
			"type": "custommachinery:fluid",
			"fluid": "thermal:redstone",
			"amount": 100
		},
		{
			"mode": "output",
			"output_slot": "fluid_output3",
			"type": "custommachinery:fluid",
			"fluid": "tconstruct:molten_glass",
			"amount": 8000
		}
	]
}