{
	"conditions": [
		{
			"type": "forge:mod_loaded",
			"modid": "ob_core"
		}
	],
    "type": "ob_core:ancient_paladin",
    "name": "entity.ob_core.ancient_paladin",
    "name_color": "#302D29",
    "gui_scale": 0.9,
    "gui_x_offset": 0,
    "gui_y_offset": 0,
    "gui_z_offset": 0,
    "sim_cost": 1572,
    "input": {
        "item": "hostilenetworks:empty_prediction"
    },
    "base_drop": {
        "item": "hostilenetworks:nether_prediction"
    },
    "trivia": "custom.trivia.ancient_paladin",
    "fabricator_drops": [
        {
            "item": "ob_core:platinum_raw",
            "count": 8
        },
        {
			"optional": true,
            "item": "wstweaks:fragment",
            "count": 64
        }
    ]
}