{
	"conditions": [
		{
			"type": "forge:mod_loaded",
			"modid": "aquamirae"
		}
	],
    "type": "aquamirae:anglerfish",
    "name": "entity.aquamirae.anglerfish",
    "name_color": "#5CDBDB",
    "gui_scale": 0.3,
    "gui_x_offset": 0,
    "gui_y_offset": 0,
    "gui_z_offset": 0,
    "sim_cost": 96,
    "input": {
        "item": "hostilenetworks:empty_prediction"
    },
    "base_drop": {
        "item": "hostilenetworks:overworld_prediction"
    },
    "trivia": "custom.trivia.angler_fish",
    "fabricator_drops": [
        {
            "item": "aquamirae:fin",
            "count": 8
        },
        {
            "item": "aquamirae:anglers_fang",
            "count": 4
        },
        {
            "item": "aquamirae:esca",
            "count": 2
        }
    ]
}