{
	"conditions": [
		{
			"type": "forge:mod_loaded",
			"modid": "aquamirae"
		}
	],
    "type": "aquamirae:spinefish",
    "name": "entity.aquamirae.spinefish",
    "name_color": "#495C63",
    "gui_scale": 1,
    "gui_x_offset": 0,
    "gui_y_offset": 0,
    "gui_z_offset": 0,
    "sim_cost": 32,
    "input": {
        "item": "hostilenetworks:empty_prediction"
    },
    "base_drop": {
        "item": "hostilenetworks:overworld_prediction"
    },
    "trivia": "custom.trivia.spinefish",
    "fabricator_drops": [
        {
            "item": "aquamirae:spinefish",
            "count": 32
        },
        {
            "optional": true,
            "item": "croptopia:roe",
            "count": 32
        }
    ]
}