{
	"conditions": [
		{
			"type": "forge:mod_loaded",
			"modid": "lightmanscurrency"
		}
	],
	"type": "tconstruct:melting",
	"ingredient": {
		"item": "lightmanscurrency:wallet_netherite"
	},
	"result": {
		"fluid": "tconstruct:molten_netherite",
		"amount": 90
	},
	"byproducts": [
		{
			"fluid": "tconstruct:molten_diamond",
			"amount": 100
		},
		{
			"fluid": "tconstruct:molten_emerald",
			"amount": 100
		},
		{
			"fluid": "tconstruct:molten_gold",
			"amount": 90
		},
		{
			"fluid": "tconstruct:molten_iron",
			"amount": 90
		},
		{
			"fluid": "tconstruct:molten_copper",
			"amount": 90
		}
	],
	"temperature": 1250,
	"time": 350
}