{
	"ticks": 200,
	"structureId": "revolution:matter_reassembler",
	"inputs": [
	{
	"type": "mm:input/consume",
		"ingredient": {
			"type": "mm:energy",
			"amount": 4000
		}
	},
	{
	"type": "mm:input/consume",
		"ingredient": {
			"type": "mm:fluid",
			"fluid": "minecraft:water",
			"amount": 500
		}
	}
	{
	"type": "mm:input/consume",
		"ingredient": {
			"type": "mm:item",
			"item": "kubejs:rocky_remnants",
			"count": 1
	  }
	}
	],
	"outputs": [
	{
	"type": "mm:output/simple",
		"ingredient": {
			"type": "mm:item",
			"item": "minecraft:sand",
			"count": 1
		}
	}
  ]
}