{
	"conditions": [
		{
			"type": "forge:mod_loaded",
			"modid": "lctech"
		}
	],
	"type": "tconstruct:melting",
	"ingredient": {
		"item": "lctech:energy_capacity_upgrade_3"
	},
	"result": {
		"fluid": "tconstruct:molten_copper",
		"amount": 360
	},
	"byproducts": [
		{
			"fluid": "tconstruct:molten_iron",
			"amount": 180
		},
		{
			"fluid": "tconstruct:molten_gold",
			"amount": 90
		},
		{
			"fluid": "tconstruct:molten_diamond",
			"amount": 100
		}
	],
	"temperature": 500,
	"time": 300
}