{
	"display": {
		"icon": {
			"item": "ftgumod:magnifying_glass",
			"data": 0
		},
		"title": {
			"text": "Magnification"
		},
		"description": {
			"text": "If I am able to magnify some of the materials near me, I could reveal some pertinent information that could further my research."
		},
		"x": 1,
		"y": -1
	},
	"parent": "fgts:research/research",
	"idea": {
		"amount": 2,
		"ingredients": [
			"#glass",
			"#knowledge",
			"minecraft:glass_bottle",
			{
				"item": "industrialforegoing:laser_lens",
				"data": 32767
			},
			{
				"item": "industrialforegoing:laser_lens_inverted",
				"data": 32767
			},
			{
				"type": "forge:ore_dict",
				"ore": "oreGold"
			},
			{
				"type": "forge:ore_dict",
				"ore": "blockGold"
			},
			{
				"type": "forge:ore_dict",
				"ore": "ingotGold"
			},
			{
				"type": "forge:ore_dict",
				"ore": "nuggetGold"
			},
			{
				"type": "forge:ore_dict",
				"ore": "dustGold"
			}
		]
	},
	"research": {
		"type": "ftgumod:match",
		"pattern": [
			" G ",
			"GPG",
			" G "
		],
		"key": {
			"G": {
				"item": [
					{
						"type": "forge:ore_dict",
						"ore": "ingotGold"
					},
					{
						"type": "forge:ore_dict",
						"ore": "nuggetGold"
					},
					{
						"type": "forge:ore_dict",
						"ore": "dustGold"
					}
				],
				"hint": {
					"text": "Gilded Frame"
				}
			},
			"P": {
				"item": [
					"#glass",
					"minecraft:glass_bottle",
					{
						"item": "industrialforegoing:laser_lens",
						"data": 32767
					},
					{
						"item": "industrialforegoing:laser_lens_inverted",
						"data": 32767
					}
				],
				"hint": {
					"text": "Focusing Lens"
				}
			}
		}
	},
	"unlock": [
		"ftgumod:magnifying_glass"
	]
}