{
	"display": {
		"icon": {
			"item": "ftgumod:parchment_empty",
			"data": 0
		},
		"title": {
			"text": "Durable Writing Medium"
		},
		"description": {
			"text": "Paper is good for most things, but for my research scribblings I'll need something more durable"
		},
		"x": -1,
		"y": -1
	},
	"parent": "fgts:research/research",
	"idea": {
		"amount": 2,
		"ingredients": [
			"#knowledge",
			"contenttweaker:fibrous_string",
			{
				"type": "forge:ore_dict",
				"ore": "string"
			},
			{
				"type": "forge:ore_dict",
				"ore": "water"
			},
			{
				"type": "forge:ore_dict",
				"ore": "slimeball"
			},
			{
				"type": "forge:ore_dict",
				"ore": "stickWood"
			}
		]
	},
	"research": {
		"type": "ftgumod:match",
		"pattern": [
			" S ",
			"SPS",
			" S "
		],
		"key": {
			"S": {
				"item": [
					"contenttweaker:fibrous_string",
					{
						"item": "natura:materials",
						"data": 7
					}
				],
				"hint": {
					"text": "Fiberous Reinforcement"
				}
			},
			"P": {
				"item": [
					"minecraft:paper",
					"contenttweaker:papyrus"
				],
				"hint": {
					"text": "Papery Base"
				}
			}
		}
	},
	"unlock": [
		"ftgumod:parchment_empty"
	]
}