{
	"display": {
		"icon": {
			"item": "portality:controller",
			"data": 0
		},
		"title": {
			"text": "Advanced Interdimensional Travel"
		},
		"description": {
			"text": "Obsidian makes for a good portal, but I think I could harness its power to make something more contained"
		},
		"x": 0,
		"y": 4
	},
	"parent": "fgts:research/research",
	"idea": {
		"amount": 3,
		"ingredients": [
			"#stone",
			"minecraft:ender_eye",
			"minecraft:diamond_pickaxe",
			{
				"type": "forge:ore_dict",
				"ore": "oreDiamond"
			},
			{
				"type": "forge:ore_dict",
				"ore": "blockDiamond"
			},
			{
				"type": "forge:ore_dict",
				"ore": "gemDiamond"
			},
			{
				"type": "forge:ore_dict",
				"ore": "nuggetDiamond"
			},
			{
				"type": "forge:ore_dict",
				"ore": "oreQuartz"
			},
			{
				"type": "forge:ore_dict",
				"ore": "blockQuartz"
			},
			{
				"type": "forge:ore_dict",
				"ore": "gemQuartz"
			},
			{
				"type": "forge:ore_dict",
				"ore": "obsidian"
			},
			{
				"type": "forge:ore_dict",
				"ore": "dustObsidian"
			},
			{
				"type": "forge:ore_dict",
				"ore": "obsidianRod"
			}
		]
	},
	"research": {
		"type": "ftgumod:match",
		"pattern": [
			"SQS",
			"Q Q",
			"SQS"
		],
		"key": {
			"Q": {
				"item": [
					{
						"type": "forge:ore_dict",
						"ore": "oreQuartz"
					},
					{
						"type": "forge:ore_dict",
						"ore": "blockQuartz"
					},
					{
						"type": "forge:ore_dict",
						"ore": "gemQuartz"
					}
				],
				"hint": {
					"text": "Netheric Gemstone"
				},
				"decipher": {
					"decipher": {
						"block": "minecraft:quartz_block",
						"data": 32767
					},
					"hint": "This material posseses unique properties. I wonder if it could be applied to interdimensional travel?"
				}
			},
			"S": {
				"item": [
					"#stone",
					"#fancystone",
					"#cobblestone"
				],
				"hint": {
					"text": "Stone Supports"
				},
				"decipher": {
					"decipher": {
						"block": "minecraft:stone",
						"data": 32767
					},
					"hint": "Solid rock could make for a good support system."
				}
			}
		}
	},
	"unlock": [
		"portality:frame",
		"portality:controller",
		"portality:module_interdimensional",
		{
			"item": "portality:module_items",
			"data": 0
		},
		{
			"item": "portality:module_items",
			"data": 1
		},
		{
			"item": "portality:module_fluids",
			"data": 0
		},
		{
			"item": "portality:module_fluids",
			"data": 1
		},
		{
			"item": "portality:module_energy",
			"data": 0
		},
		{
			"item": "portality:module_energy",
			"data": 1
		}
	]
}