{
	"display": {
		"icon": {
			"item": "ftgumod:research_table",
			"data": 0
		},
		"title": {
			"text": "2) Advanced Research"
		},
		"description": {
			"text": "Some types of research will require more advanced theorization, which will require a more specialized and durable table"
		},
		"x": 0,
		"y": 0
	},
	"idea": {
		"amount": 3,
		"ingredients": [
			"#stone",
			"#knowledge",
			"#cobblestone",
			"ftgumod:idea_table",
			{
				"type": "forge:ore_dict",
				"ore": "workbench"
			}
		]
	},
	"unlock": [
		"ftgumod:research_table"
	]
}