{
	"display": {
		"icon": {
			"item": "sct:stone_crafting_table",
			"data": 0
		},
		"title": {
			"text": "Hardened Crafting"
		},
		"description": {
			"text": "There have been a few cases where I've needed to craft something while underground. It would be nice if I could fashion some kind of stone crafting table for such occasions."
		},
		"x": -1,
		"y": 2
	},
	"parent": "fgts:research/research",
	"idea": {
		"amount": 2,
		"ingredients": [
			"#stone",
			"#fancystone",
			"#cobblestone",
			{
				"type": "forge:ore_dict",
				"ore": "workbench"
			}
		]
	},
	"research": {
		"type": "ftgumod:match",
		"pattern": [
			"SS ",
			"SS ",
			"   "
		],
		"key": {
			"S": {
				"item": [
					"#stone",
					"#cobblestone"
				],
				"hint": {
					"text": "Bench Base"
				}
			}
		}
	},
	"unlock": [
		"sct:stone_crafting_table",
		"sct:stone_crafting_plate",
		"sct:stone_stick"
	]
}