{
	"display": {
		"icon": {
			"item": "stonechest:chest_stone",
			"data": 0
		},
		"title": {
			"text": "Hardened Storage"
		},
		"description": {
			"text": "I may want to construct some more underground-themed storage devices should I ever make a base in a cavernous location"
		},
		"x": 1,
		"y": 2
	},
	"parent": "fgts:research/research",
	"idea": {
		"amount": 2,
		"ingredients": [
			"#stone",
			"#fancystone",
			"#cobblestone",
			{
				"type": "forge:ore_dict",
				"ore": "chest"
			},
			{
				"type": "forge:ore_dict",
				"ore": "chestWood"
			}
		]
	},
	"research": {
		"type": "ftgumod:match",
		"pattern": [
			"CCC",
			"C C",
			"CCC"
		],
		"key": {
			"C": {
				"item": [
					"#stone",
					"#fancystone",
					"#cobblestone"
				],
				"hint": {
					"text": "Chest Wall"
				}
			}
		}
	},
	"unlock": [
		"stonechest:chest_stone",
		"stonechest:chest_cobblestone",
		"stonechest:chest_andesite",
		"stonechest:chest_diorite",
		"stonechest:chest_granite",
		"stonechest:part_stone",
		"stonechest:part_cobblestone",
		"stonechest:part_andesite",
		"stonechest:part_diorite",
		"stonechest:part_granite"
	]
}