{
  "display": {
    "icon": {
      "item": "enderio:block_sag_mill"
    },
    "title": {
      "text": "Compact Pulverizing"
    },
    "description": {
      "text": "I can definitely improve upon the big, bulky Pulverizer I have."
    },
    "x": -1,
    "y": -3
  },
"parent": "adrift:technology/modular_machinery",
  "idea": {
    "amount": 2,
    "ingredients": [
		"minecraft:flint",
		"minecraft:gravel",
		"faufil:hopperpipe",
		"contenttweaker:circuit",
		"better_diving:wiring_kit",
		"enderio:block_alloy_smelter",
		"contenttweaker:heat_exchanger",
		"contenttweaker:advanced_wiring_kit",
		{
			"type": "forge:ore_dict",
			"ore": "tank"
		},
		{
			"type": "forge:ore_dict",
			"ore": "chest"
		},
		{
			"type": "forge:ore_dict",
			"ore": "blockHopper"
		},
		{
			"type": "forge:ore_dict",
			"ore": "barsIron"
		},
		{
			"type": "forge:ore_dict",
			"ore": "dustRedstone"
		},
		{
			"type": "forge:ore_dict",
			"ore": "dustGlowstone"
		},
		{
			"type": "forge:ore_dict",
			"ore": "ingotGold"
		},
		{
			"type": "forge:ore_dict",
			"ore": "ingotIron"
		},
		{
			"type": "forge:ore_dict",
			"ore": "artisansHammer"
		},
		{
			"type": "forge:ore_dict",
			"ore": "artisansPliers"
		},
		{
			"type": "forge:ore_dict",
			"ore": "artisansSolderer"
		}
    ]
  },  
  "research": {
		"type": "ftgumod:match",
		"pattern": [
			" S ",
			"SBS",
			"MMM"
		],
		"key": {
			"S": {
				"item": [
					"minecraft:piston",
					"contenttweaker:circuit",
					"minecraft:sticky_piston",
					"better_diving:wiring_kit",
					"contenttweaker:iron_rod",
					"contenttweaker:heat_exchanger",
					"contenttweaker:advanced_wiring_kit",
					{
						"type": "forge:ore_dict",
						"ore": "artisansSolderer"
					},
					{
						"type": "forge:ore_dict",
						"ore": "artisansSpanner"
					}
				],
				"hint": {
					"text": "Machine Internals"
				}
			},
			"B": {
				"item": [
					"contenttweaker:circuit",
					"modularmachinery:blockcontroller",
					{
						"item": "waterworks:materials",
						"data": 0
					},
					{
						"item": "waterworks:materials",
						"data": 1
					},
					{
						"type": "forge:ore_dict",
						"ore": "itemSkull"
					}
				],
				"hint": {
					"text": "Machine Brain"
				}
			},
			"M": {
				"item": [
					{
						"item": "modularmachinery:blockcasing",
						"data": 32767
					},
					{
						"item": "enderio:item_material",
						"data": 0
					},
					{
						"item": "enderio:item_material",
						"data": 1
					},
					{
						"item": "enderio:item_material",
						"data": 53
					},
					{
						"item": "enderio:item_material",
						"data": 54
					},
					{
						"item": "enderio:item_material",
						"data": 55
					},
					{
						"item": "enderio:item_material",
						"data": 66
					}
				],
				"hint": {
					"text": "Machine Base"
				}
			}
		}
	},
  "unlock": [
	"enderio:block_sag_mill",
	{
		"item": "enderio:item_alloy_ball",
		"data": 32767
	}
  ]
}