{
  "display": {
    "icon": {
      "item": "coalprocessing:diamond_machine"
    },
    "title": {
      "text": "Diamond Crafting"
    },
    "description": {
      "text": "I could extract the carbon from coal (or charcoal) and convert it into a diamond. But it would no doubt be an expensive, slow process."
    },
    "x": -2,
    "y": -1
  },
"parent": "adrift:technology/technology",
  "idea": {
    "amount": 3,
    "ingredients": [
		"worsesolars:solar_cell",
		"solarfurnace:solarpack",
		"solarfurnace:solarfurnace",
		"worsesolars:worse_solar_panel",
		"charcoalblock:charcoal_block",
		"minecraft:sticky_piston",
		"minecraft:piston",
		"minecraft:obsidian",
		{
        "item": "minecraft:coal",
        "data": 0
		},
		{
        "item": "minecraft:coal",
        "data": 1
		},
		{
        "item": "minecraft:prismarine",
        "data": 0
		},
		{
        "item": "minecraft:prismarine",
        "data": 1
		},
		{
        "item": "minecraft:prismarine",
        "data": 2
		},
        {
          "type": "forge:ore_dict",
          "ore": "gemDiamond"
        },
        {
          "type": "forge:ore_dict",
          "ore": "blockDiamond"
        },
		{
          "type": "forge:ore_dict",
          "ore": "blockCoal"
        },
		{
          "type": "forge:ore_dict",
          "ore": "artisansCarver"
        },
		{
          "type": "forge:ore_dict",
          "ore": "artisansHammer"
        },
		{
          "type": "forge:ore_dict",
          "ore": "artisansSolderer"
        }
    ]
  },
  "unlock": [
	"coalprocessing:diamond_machine",
	"coalprocessing:compressed_coal"
  ]
}
