{
  "display": {
    "icon": {
      "item": "minecraft:emerald"
    },
    "title": {
      "text": "Emerald Crafting"
    },
    "description": {
      "text": "I might be able to convert some materials into Emeralds. It would take awhile though..."
    },
    "x": 2,
    "y": -1
  },
"parent": "adrift:technology/technology",
  "idea": {
    "amount": 1,
    "ingredients": [
			{
				"type": "forge:ore_dict",
				"ore": "gemEmerald"
			},
			{
				"type": "forge:ore_dict",
				"ore": "blockEmerald"
			},
			{
				"type": "forge:ore_dict",
				"ore": "gemLapis"
			},
			{
				"type": "forge:ore_dict",
				"ore": "blockLapis"
			}
    ]
  },
    "research": {
		"type": "ftgumod:match",
		"pattern": [
			"HE ",
			"   ",
			"   "
		],
		"key": {
			"H": {
				"item": [
					{
						"type": "forge:ore_dict",
						"ore": "artisansHammer"
					}
				],
				"hint": {
					"text": "Smashing Tool"
				}
			},
			"E": {
				"item": [ 
				{
					"type": "forge:ore_dict",
					"ore": "gemLapis"
				}, 
				{
					"type": "forge:ore_dict",
					"ore": "blockLapis"
				},
				{
					"type": "forge:ore_dict",
					"ore": "gemEmerald"
				},
				{
					"type": "forge:ore_dict",
					"ore": "blockEmerald"
				}
			],
			"hint": {
				"text": "Smashed Item"
				},
				"decipher": {
					"decipher": {
						"block": "minecraft:lapis_block",
						"data": 0
					},
					"hint": "This might be able to become an Emerald, if processed enough."
				}
			}
		}
	},
  "unlock": [
		"er:oredust"
  ]
}
