{
  "display": {
    "icon": {
      "item": "modularmachinery:blockcontroller"
    },
    "title": {
      "text": "Multi-Machines"
    },
    "description": {
      "text": "I know I could improve upon all of my machinery by making it posses a more modular design. The question is, where do I start? Probably a strong alloy, right?"
    },
    "x": 0,
    "y": -2
  },
"parent": "adrift:technology/technology",
  "idea": {
    "amount": 3,
    "ingredients": [
		"minecraft:flint",
		"minecraft:gravel",
		"faufil:hopperpipe",
		"contenttweaker:circuit",
		"better_diving:wiring_kit",
		"contenttweaker:iron_rod",
		"contenttweaker:heat_exchanger",
		"contenttweaker:advanced_wiring_kit",
		{
			"item": "waterworks:materials",
			"data": 0
		},
		{
			"item": "waterworks:materials",
			"data": 1
		},
		{
			"type": "forge:ore_dict",
			"ore": "tank"
		},
		{
			"type": "forge:ore_dict",
			"ore": "chest"
		},
		{
			"type": "forge:ore_dict",
			"ore": "blockHopper"
		},
		{
			"type": "forge:ore_dict",
			"ore": "barsIron"
		},
		{
			"type": "forge:ore_dict",
			"ore": "dustRedstone"
		},
		{
			"type": "forge:ore_dict",
			"ore": "dustGlowstone"
		},
		{
			"type": "forge:ore_dict",
			"ore": "nuggetGold"
		},
		{
			"type": "forge:ore_dict",
			"ore": "ingotGold"
		},
		{
			"type": "forge:ore_dict",
			"ore": "blockGold"
		},
		{
			"type": "forge:ore_dict",
			"ore": "nuggetIron"
		},
		{
			"type": "forge:ore_dict",
			"ore": "ingotIron"
		},
		{
			"type": "forge:ore_dict",
			"ore": "blockIron"
		},
		{
			"type": "forge:ore_dict",
			"ore": "artisansHammer"
		},
		{
			"type": "forge:ore_dict",
			"ore": "artisansPliers"
		},
		{
			"type": "forge:ore_dict",
			"ore": "artisansSolderer"
		},
		{
			"type": "forge:ore_dict",
			"ore": "artisansSpanner"
		}
    ]
  },  
  "research": {
		"type": "ftgumod:match",
		"pattern": [
			"BB ",
			"CC ",
			"   "
		],
		"key": {
			"C": {
				"item": [
					"minecraft:glowstone",
					{
						"type": "forge:ore_dict",
						"ore": "dustRedstone"
					},
					{
						"type": "forge:ore_dict",
						"ore": "blockRedstone"
					},
					{
						"type": "forge:ore_dict",
						"ore": "dustGlowstone"
					}
				],
				"hint": {
					"text": "Alloy Component"
				},
				"decipher": {
					"decipher": {
						"block": "minecraft:glowstone",
						"data": 0
					},
					"hint": "Could make for a good alloy component."
				}
			},
			"B": {
				"item": [
					{
						"type": "forge:ore_dict",
						"ore": "nuggetIron"
					},
					{
						"type": "forge:ore_dict",
						"ore": "ingotIron"
					},
					{
						"type": "forge:ore_dict",
						"ore": "blockIron"
					},
					{
						"type": "forge:ore_dict",
						"ore": "nuggetGold"
					},
					{
						"type": "forge:ore_dict",
						"ore": "gold"
					},
					{
						"type": "forge:ore_dict",
						"ore": "blockGold"
					},
					{
						"type": "forge:ore_dict",
						"ore": "gemDiamond"
					},
					{
						"type": "forge:ore_dict",
						"ore": "blockDiamond"
					},
					{
						"type": "forge:ore_dict",
						"ore": "ingotRedstoneAlloy"
					},
					{
						"type": "forge:ore_dict",
						"ore": "ingotConstructionAlloy"
					}
				],
				"hint": {
					"text": "Alloy Base"
				},
				"decipher": {
					"decipher": {
						"block": "minecraft:gold_block",
						"data": 0
					},
					"hint": "Could make for a good alloy base."
				}
			}
		}
	},
  "unlock": [
	{
		"type": "ftgumod:mod",
		"modid": "modularmachinery"
	}
  ]
}
