{
  "display": {
    "icon": {
      "item": "rangedpumps:pump"
    },
    "title": {
      "text": "Fluid Pumping"
    },
    "description": {
      "text": "I'm going to need a way to pump all this water out so I can filter it."
    },
    "x": 0,
    "y": -4
  },
"parent": "adrift:technology/modular_machinery",
  "idea": {
    "amount": 2,
    "ingredients": [
		"#cobble",
		"#redstone",
		"minecraft:ice",
		"minecraft:cauldron",
		"minecraft:packed_ice",
		"waterworks:water_pipe",
		{
			"type": "forge:ore_dict",
			"ore": "tank"
		},
		{
			"item": "waterworks:materials",
			"data": 0
		},
		{
			"item": "waterworks:materials",
			"data": 1
		},
		{
			"item": "enderio:item_liquid_conduit",
			"data": 0
		},
		{
			"item": "enderio:item_liquid_conduit",
			"data": 1
		},
		{
			"item": "enderio:item_liquid_conduit",
			"data": 2
		},
		{
			"item": "claybucket:claybucket",
			"data": 1
		},
		{
			"type": "forge:ore_dict",
			"ore": "stone"
		},
		{
			"type": "forge:ore_dict",
			"ore": "bucketFish"
		},
		{
			"type": "forge:ore_dict",
			"ore": "listAllwater"
		},
		{
			"type": "forge:ore_dict",
			"ore": "artisansHammer"
		}
    ]
  },  
  "research": {
		"type": "ftgumod:match",
		"pattern": [
			"W W",
			"WTW",
			"BPB"
		],
		"key": {
			"W": {
				"item": [
					"fluidfunnel:tap",
					"minecraft:bucket",
					"fluidfunnel:funnel",
					"minecraft:cauldron",
					"claybucket:claybucket",
					"waterworks:water_pipe",
					{
						"item": "claybucket:claybucket",
						"data": 1
					},
					{
						"item": "enderio:item_liquid_conduit",
						"data": 0
					},
					{
						"item": "enderio:item_liquid_conduit",
						"data": 1
					},
					{
						"item": "enderio:item_liquid_conduit",
						"data": 2
					}
				],
				"hint": {
					"text": "Water Transport"
				},
				"decipher": {
					"decipher": {
						"block": "fluidfunnel:funnel",
						"data": 32767
					},
					"hint": "This could transport some water, if modified correctly..."
				}
			},
			"T": {
				"item": [
					"waterworks:rain_collector",
					"waterworks:rain_tank_wood",
					{
						"type": "forge:ore_dict",
						"ore": "tank"
					}
				],
				"hint": {
					"text": "Water Storage"
				},
				"decipher": {
					"decipher": {
						"block": "minecraft:cauldron",
						"data": 0
					},
					"hint": "This could store some water, if modified correctly..."
				}
			},
			"P": {
				"item": [
					"#redstone",
					"contenttweaker:circuit",
					"better_diving:wiring_kit",
					"contenttweaker:advanced_wiring_kit",
					{
						"item": "waterworks:materials",
						"data": 0
					},
					{
						"item": "waterworks:materials",
						"data": 1
					}
				],
				"hint": {
					"text": "Power Regulator"
				}
			},
			"B": {
				"item": [
					"#cobble",
					{
						"type": "forge:ore_dict",
						"ore": "stone"
					},
					{
						"type": "forge:ore_dict",
						"ore": "sediment"
					},
					{
						"type": "forge:ore_dict",
						"ore": "nuggetIron"
					},
					{
						"type": "forge:ore_dict",
						"ore": "ingotIron"
					},
					{
						"type": "forge:ore_dict",
						"ore": "blockIron"
					},
					{
						"type": "forge:ore_dict",
						"ore": "ingotConstructionAlloy"
					}
				],
				"hint": {
					"text": "Pump Frame"
				},
				"decipher": {
					"decipher": {
						"block": "minecraft:stone",
						"data": 32767
					},
					"hint": "Could make for a good pump frame."
				}
			}
		}
	},
  "unlock": [
		"rangedpumps:pump",
		"waterworks:groundwater_pump"
  ]
}
