{
  "display": {
    "icon": {
      "item": "worsesolars:worse_solar_panel"
    },
    "title": {
      "text": "Solar Power"
    },
    "description": {
      "text": "I'm able to use sunlight to cook food and other things, but what about using it to power some machinery?"
    },
    "x": 0,
    "y": 4
  },
"parent": "adrift:technology/solar_furnace",
  "idea": {
    "amount": 2,
    "ingredients": [
		"solarfurnace:solarpack",
		"solarfurnace:solarfurnace",
        {
          "type": "forge:ore_dict",
          "ore": "dustRedstone"
        },
        {
          "type": "forge:ore_dict",
          "ore": "nuggetIron"
        },
        {
          "type": "forge:ore_dict",
          "ore": "ingotIron"
        },
        {
          "type": "forge:ore_dict",
          "ore": "blockIron"
        }
    ]
  },
  "research": {
		"type": "ftgumod:match",
		"pattern": [
			"SSS",
			"IHI",
			" R "
		],
		"key": {
			"S": {
				"item": [
					"solarfurnace:solarpack",
					{
						"type": "forge:ore_dict",
						"ore": "nuggetIron"
					},
					{
						"type": "forge:ore_dict",
						"ore": "ingotIron"
					},
					{
						"type": "forge:ore_dict",
						"ore": "blockIron"
					},
					{
						"type": "forge:ore_dict",
						"ore": "gemLapis"
					},
					{
						"type": "forge:ore_dict",
						"ore": "blockLapis"
					}
				],
				"hint": {
					"text": "Solar Catcher"
				},
				"decipher": {
					"decipher": {
						"block": "minecraft:lapis_block",
						"data": 0
					},
					"hint": "Might be good at catching solar energy."
				}
			},
			"H": {
				"item": "contenttweaker:heat_exchanger",
				"hint": {
					"text": "Heat Exchanger"
				}
			},
			"I": {
				"item": [
					{
						"type": "forge:ore_dict",
						"ore": "nuggetIron"
					},
					{
						"type": "forge:ore_dict",
						"ore": "ingotIron"
					},
					{
						"type": "forge:ore_dict",
						"ore": "blockIron"
					}
				],
				"hint": {
					"text": "Heat Insulator"
				}
			},
			"R": {
				"item": [
					"minecraft:redstone",
					"better_diving:wiring_kit"
				],
				"hint": {
					"text": "Wiring"
				}
			}
		}
	},
  "unlock": [
    "worsesolars:infinite_solar_panel",
	"worsesolars:worse_solar_panel",
	"worsesolars:solar_cell"
  ]
}
