{
  "display": {
    "icon": {
      "item": "solarfurnace:solarfurnace"
    },
    "title": {
      "text": "Solar Smelting"
    },
    "description": {
      "text": "If I could harness the power of the sun as a fuel source, it would drastically cut down my coal use."
    },
    "x": 0,
    "y": 2
  },
"parent": "adrift:technology/technology",
  "idea": {
    "amount": 2,
    "ingredients": [
		"#fuel",
		"minecraft:furnace",
		{
        "item": "minecraft:dye",
        "data": 4
		},
        {
          "type": "forge:ore_dict",
          "ore": "dustRedstone"
        },
        {
          "type": "forge:ore_dict",
          "ore": "nuggetIron"
        },
        {
          "type": "forge:ore_dict",
          "ore": "ingotIron"
        },
        {
          "type": "forge:ore_dict",
          "ore": "blockIron"
        },
        {
          "type": "forge:ore_dict",
          "ore": "paneGlass"
        },
        {
          "type": "forge:ore_dict",
          "ore": "blockGlass"
        }
    ]
  },
  "research": {
		"type": "ftgumod:match",
		"pattern": [
			"SSS",
			" H ",
			" F "
		],
		"key": {
			"S": {
				"item": [
					{
						"type": "forge:ore_dict",
						"ore": "nuggetIron"
					},
					{
						"type": "forge:ore_dict",
						"ore": "ingotIron"
					},
					{
						"type": "forge:ore_dict",
						"ore": "blockIron"
					},
					{
						"type": "forge:ore_dict",
						"ore": "gemLapis"
					},
					{
						"type": "forge:ore_dict",
						"ore": "blockLapis"
					}
				],
				"hint": {
					"text": "Solar Catcher"
				},
				"decipher": {
					"decipher": {
						"block": "minecraft:lapis_block",
						"data": 0
					},
					"hint": "Might be good at catching solar energy."
				}
			},
			"H": {
				"item": "contenttweaker:heat_exchanger",
				"hint": {
					"text": "Heat Exchanger"
				}
			},
			"F": {
				"item": "minecraft:furnace",
				"hint": {
					"text": "Furnace"
				}
			}
		}
	},
  "unlock": [
    "solarfurnace:solarfurnace",
	"solarfurnace:solarpack"
  ]
}
