{
	"display": {
		"icon": {
			"item": "waterworks:materials",
			"data": 1
		},
		"title": {
			"text": "Technology"
		},
		"description": {
			"text": "Delving into more advanced technologies is sure to be beneficial. I should start by analyzing the basic ones I can already create. Perhaps some sturdy materials for them too?"
		},
		"x": 0,
		"y": 0
	},
	"idea": {
		"amount": 3,
		"ingredients": [
			"#redstone",
			"faufil:faucet",
			"minecraft:clock",
			"wopper:wopper",
			"faufil:hopperpipe",
			"minecraft:furnace",
			"minecraft:compass",
			"contenttweaker:circuit",
			"better_diving:wiring_kit",
			"minecraft:hopper",
			"minecraft:tripwire_hook",
			"minecraft:wooden_button",
			"minecraft:stone_button",
			"minecraft:lever",
			"minecraft:stone_pressure_plate",
			"minecraft:wooden_pressure_plate",
			"minecraft:iron_door",
			"minecraft:iron_trapdoor",
			"minecraft:trapdoor",
			"minecraft:dispenser",
			"minecraft:dropper",
			"minecraft:activator_rail",
			"minecraft:detector_rail",
			"minecraft:golden_rail",
			"minecraft:rail",
			"minecraft:minecart",
			"minecraft:chest_minecart",
			"minecraft:hopper_minecart",
			"minecraft:furnace_minecart",
			"waterstrainer:strainer_base",
			"better_diving:battery",
			"better_diving:power_cell",
			{
				"type": "forge:ore_dict",
				"ore": "gold"
			},
			{
				"type": "forge:ore_dict",
				"ore": "lead"
			},
			{
				"type": "forge:ore_dict",
				"ore": "silver"
			},
			{
				"type": "forge:ore_dict",
				"ore": "titanium"
			},
			{
				"type": "forge:ore_dict",
				"ore": "doorWood"
			},
			{
				"type": "forge:ore_dict",
				"ore": "fenceGateWood"
			}
		]
	},
	"unlock": [
		{
			"item": "waterworks:materials",
			"data": 0
		},
		{
			"item": "waterworks:materials",
			"data": 1
		},
		"contenttweaker:advanced_wiring_kit",
		"contenttweaker:heat_exchanger",
		"faufil:hopperfilter",
		"uppers:upper"
	]
}