{
	"ticks": 60,
	"structureId": "machines:extractinator",
	"inputs": [
	{
	"type": "mm:input/consume",
		"ingredient": {
			"type": "mm:item",
			"item": "minecraft:cobblestone",
			"count": 1
		}
	}
	],
	"outputs": [
	{
	"type": "mm:output/simple",
		"ingredient": {
			"type": "mm:item",
			"item": "kubejs:powdered_stone",
			"count": 4
		}
	},
	{
	"type": "mm:output/simple",
	"chance": 0.05,
		"ingredient": {
			"type": "mm:item",
			"item": "enderio:silicon",
			"count": 1
		}
	},
	{
	"type": "mm:output/simple",
	"chance": 0.005,
		"ingredient": {
			"type": "mm:item",
			"item": "minecraft:iron_nugget",
			"count": 1
		}
	},
	{
	"type": "mm:output/simple",
	"chance": 0.0025,
		"ingredient": {
			"type": "mm:item",
			"item": "thermal:copper_nugget",
			"count": 1
		}
	},
	{
	"type": "mm:output/simple",
	"chance": 0.0015,
		"ingredient": {
			"type": "mm:item",
			"item": "xycraft_world:aluminum_nugget",
			"count": 1
		}
	}
  ]
}