{
	"ticks": 60,
	"structureId": "machines:extractinator",
	"inputs": [
	{
	"type": "mm:input/consume",
		"ingredient": {
			"type": "mm:item",
			"item": "minecraft:end_stone",
			"count": 1
		}
	}
	],
	"outputs": [
	{
	"type": "mm:output/simple",
		"ingredient": {
			"type": "mm:item",
			"item": "kubejs:powdered_stone",
			"count": 8
		}
	},
	{
	"type": "mm:output/simple",
	"chance": 0.1,
		"ingredient": {
			"type": "mm:item",
			"item": "minecraft:chorus_fruit",
			"count": 1
		}
	},
	{
	"type": "mm:output/simple",
	"chance": 0.05,
		"ingredient": {
			"type": "mm:item",
			"item": "minecraft:ender_pearl",
			"count": 1
		}
	}
  ]
}