{
	"ticks": 60,
	"structureId": "machines:extractinator",
	"inputs": [
	{
	"type": "mm:input/consume",
		"ingredient": {
			"type": "mm:item",
			"item": "minecraft:netherrack",
			"count": 1
		}
	}
	],
	"outputs": [
	{
	"type": "mm:output/simple",
		"ingredient": {
			"type": "mm:item",
			"item": "kubejs:powdered_stone",
			"count": 6
		}
	},
	{
	"type": "mm:output/simple",
	"chance": 0.05,
		"ingredient": {
			"type": "mm:item",
			"item": "minecraft:quartz",
			"count": 1
		}
	},
	{
	"type": "mm:output/simple",
	"chance": 0.005,
		"ingredient": {
			"type": "mm:item",
			"item": "minecraft:gold_nugget",
			"count": 1
		}
	},
	{
	"type": "mm:output/simple",
	"chance": 0.0001,
		"ingredient": {
			"type": "mm:item",
			"item": "minecraft:netherite_scrap",
			"count": 1
		}
	}
  ]
}