{
	"type": "custommachinery:custom_machine",
	"machine": "quintessence:shredder",
	"jeiPriority": 448,
	"time": 30,
	"requirements": [
		{
			"type": "custommachinery:energy",
			"mode": "input",
			"amount": 750
		},
		{
			"mode": "input",
			"type": "custommachinery:item",
			"item": "#minecraft:banners",
			"amount": 1
		},
		{
			"mode": "output",
			"id": "output",
			"type": "custommachinery:item",
			"item": "kubejs:fibers",
			"amount": 24
		},
		{
			"mode": "output",
			"id": "output2",
			"type": "custommachinery:item",
			"item": "thermal:sawdust",
			"chance": 0.25,
			"amount": 1
		}
	]
}