{
	"type": "custommachinery:custom_machine",
	"machine": "quintessence:shredder",
	"jeiPriority": 447,
	"time": 60,
	"requirements": [
		{
			"type": "custommachinery:energy",
			"mode": "input",
			"amount": 750
		},
		{
			"mode": "input",
			"type": "custommachinery:item",
			"item": "#upgrade_aquatic:bedrolls",
			"amount": 1
		},
		{
			"mode": "output",
			"id": "output",
			"type": "custommachinery:item",
			"item": "kubejs:shredded_hide",
			"amount": 5
		},
		{
			"mode": "output",
			"id": "output2",
			"type": "custommachinery:item",
			"item": "kubejs:fibers",
			"amount": 4
		}
	]
}