{
	"type": "custommachinery:custom_machine",
	"machine": "quintessence:shredder",
	"jeiPriority": 445,
	"time": 200,
	"requirements": [
		{
			"type": "custommachinery:energy",
			"mode": "input",
			"amount": 4000
		},
		{
			"mode": "input",
			"type": "custommachinery:item",
			"item": "#forge:bookshelves",
			"amount": 1
		},
		{
			"mode": "output",
			"id": "output",
			"type": "custommachinery:item",
			"item": "thermal:sawdust",
			"amount": 6
		},
		{
			"mode": "output",
			"id": "output2",
			"type": "custommachinery:item",
			"item": "kubejs:pulp",
			"amount": 3
		},
		{
			"mode": "output",
			"id": "output3",
			"type": "custommachinery:item",
			"item": "kubejs:shredded_hide",
			"amount": 1
		}
	]
}