{
	"type": "custommachinery:custom_machine",
	"machine": "quintessence:shredder",
	"jeiPriority": 444,
	"time": 20,
	"requirements": [
		{
			"type": "custommachinery:energy",
			"mode": "input",
			"amount": 500
		},
		{
			"mode": "input",
			"type": "custommachinery:item",
			"item": "#minecraft:carpets",
			"amount": 1
		},
		{
			"mode": "output",
			"id": "output",
			"type": "custommachinery:item",
			"item": "kubejs:fibers",
			"amount": 2
		},
		{
			"mode": "output",
			"id": "output2",
			"type": "custommachinery:item",
			"item": "thermal:sawdust",
			"chance": 0.66,
			"amount": 2
		}
	]
}