{
	"type": "custommachinery:custom_machine",
	"machine": "quintessence:shredder",
	"jeiPriority": 439,
	"time": 20,
	"requirements": [
		{
			"type": "custommachinery:energy",
			"mode": "input",
			"amount": 500
		},
		{
			"mode": "input",
			"type": "custommachinery:item",
			"item": "minecraft:flower_pot",
			"amount": 1
		},
		{
			"mode": "output",
			"id": "output",
			"type": "custommachinery:item",
			"item": "minecraft:clay_ball",
			"amount": 1
		},
		{
			"mode": "output",
			"id": "output2",
			"type": "custommachinery:item",
			"item": "minecraft:clay_ball",
			"chance": 0.5,
			"amount": 1
		}
	]
}