{
	"conditions": [
		{
			"type": "forge:mod_loaded",
			"modid": "quark"
		}
	],
    "type": "quark:foxhound",
    "name": "entity.quark.foxhound",
    "name_color": "#751D23",
    "gui_scale": 0.85,
    "gui_x_offset": 0,
    "gui_y_offset": 0,
    "gui_z_offset": 0,
    "sim_cost": 128,
    "input": {
        "item": "hostilenetworks:empty_prediction"
    },
    "base_drop": {
        "item": "hostilenetworks:nether_prediction"
    },
	"trivia": "custom.trivia.foxhound",
    "fabricator_drops": [
		{
            "item": "minecraft:coal",
            "count": 32
        },
		{
            "item": "minecraft:leather",
            "count": 16
        }
    ]
}