{
  "name": "Extra Technology",
  "quests": [
    {
      "uuid": "59a32f19-fc9a-4ce6-9d17-1f47b5c80a1f",
      "name": "Advanced Crafting",
      "description": "Automating crafting is the next step in survival, at least according to us at the guild.",
      "x": 91,
      "y": 59,
      "icon": {
        "id": "create:mechanical_crafter",
        "Count": 1
      },
      "tasks": [
        {
          "type": "DETECT",
          "description": "Craft the Crafters",
          "longDescription": "Be sure to set it up correctly.\n\n(Hold W on them to see how they work)",
          "items": [
            {
              "item": {
                "id": "create:mechanical_crafter",
                "Count": 3
              },
              "required": 3
            }
          ]
        }
      ],
      "reputationrewards": [
        {
          "reputation": "ba7f21d4-cbc9-4206-b1be-4853d2ecdee0",
          "value": 7
        }
      ],
      "prerequisites": [
        "7d14712a-07bd-472d-80b7-536b6b77326d"
      ],
      "optionlinks": [],
      "reward": [
        {
          "id": "create:mechanical_crafter",
          "Count": 3
        },
        {
          "id": "create:belt_connector",
          "Count": 3
        },
        {
          "id": "xpcoins:copper_coin",
          "Count": 1
        }
      ],
      "rewardchoice": [],
      "commandrewards": []
    },
    {
      "uuid": "ca1272a4-3097-456f-8890-804c6549c8d3",
      "name": "Milling About",
      "description": "Before you can engineer anything, you\u0027ll need the materials to do so.",
      "x": 21,
      "y": 19,
      "bigicon": true,
      "icon": {
        "id": "create:millstone",
        "Count": 1
      },
      "tasks": [
        {
          "type": "CRAFT",
          "description": "The Mill",
          "longDescription": "Quite basic, it just mills things.",
          "items": [
            {
              "item": {
                "id": "create:millstone",
                "Count": 1
              }
            }
          ]
        }
      ],
      "reputationrewards": [
        {
          "reputation": "ba7f21d4-cbc9-4206-b1be-4853d2ecdee0",
          "value": 3
        }
      ],
      "prerequisites": [
        "f01b993d-c83a-4b4b-b46f-9c0c3a1788a4"
      ],
      "optionlinks": [],
      "reward": [
        {
          "id": "create:belt_connector",
          "Count": 2
        },
        {
          "id": "create:cogwheel",
          "Count": 1
        }
      ],
      "rewardchoice": [],
      "commandrewards": [
        "/say Be sure to read tooltips! Especially for items from Create."
      ]
    },
    {
      "uuid": "fece7d3b-bb28-4966-b07e-9fef0049cc6b",
      "name": "Mix It Up!",
      "description": "The mixer lets you, well... mix things!\n\nOnly a handful of things can be truly \"mixed\", but it does do more than that.",
      "x": 108,
      "y": 35,
      "icon": {
        "id": "create:mechanical_mixer",
        "Count": 1
      },
      "tasks": [
        {
          "type": "DETECT",
          "description": "Components",
          "longDescription": "These two make the mixer when combined.",
          "items": [
            {
              "item": {
                "id": "create:basin",
                "Count": 1
              }
            },
            {
              "item": {
                "id": "create:mechanical_mixer",
                "Count": 1
              }
            }
          ]
        }
      ],
      "reputationrewards": [
        {
          "reputation": "ba7f21d4-cbc9-4206-b1be-4853d2ecdee0",
          "value": 10
        }
      ],
      "prerequisites": [
        "7d14712a-07bd-472d-80b7-536b6b77326d"
      ],
      "optionlinks": [],
      "reward": [
        {
          "id": "create:mechanical_crafter",
          "Count": 3
        },
        {
          "id": "create:belt_connector",
          "Count": 2
        }
      ],
      "rewardchoice": [],
      "commandrewards": []
    },
    {
      "uuid": "7c264ba4-ff23-40b9-b486-59946ae72ae3",
      "name": "Aw, Chute!",
      "description": "Chutes are an efficient way to transport items into an inventory.\n\nThey\u0027re quite configurable, and have a variety of uses.\n\nIn fact, the guild hall has several installed in it!",
      "x": 98,
      "y": 108,
      "icon": {
        "id": "create:chute",
        "Count": 1
      },
      "tasks": [
        {
          "type": "DETECT",
          "description": "Chute",
          "longDescription": "Hoppers also work well, but can\u0027t wrap around corners as well as Chutes do.",
          "items": [
            {
              "item": {
                "id": "create:chute",
                "Count": 1
              }
            }
          ]
        }
      ],
      "reputationrewards": [
        {
          "reputation": "ba7f21d4-cbc9-4206-b1be-4853d2ecdee0",
          "value": 5
        }
      ],
      "prerequisites": [
        "bdf66e2a-2fc2-4d7d-9532-f146726a5c32"
      ],
      "optionlinks": [],
      "reward": [
        {
          "id": "create:mechanical_crafter",
          "Count": 1
        },
        {
          "id": "hardcorequesting:basic_bag",
          "Count": 1
        }
      ],
      "rewardchoice": [],
      "commandrewards": []
    },
    {
      "uuid": "bdf66e2a-2fc2-4d7d-9532-f146726a5c32",
      "name": "Going Places",
      "description": "These belts are quite simple, just attach them to cogwheels and they\u0027ll move alongside them.",
      "x": 53,
      "y": 98,
      "icon": {
        "id": "create:belt_connector",
        "Count": 1
      },
      "tasks": [
        {
          "type": "DETECT",
          "description": "Belts",
          "longDescription": "Be careful though, they do have limits.",
          "items": [
            {
              "item": {
                "id": "create:belt_connector",
                "Count": 4
              },
              "required": 4,
              "precision": "TAG_NBT_FUZZY"
            }
          ]
        }
      ],
      "reputationrewards": [
        {
          "reputation": "ba7f21d4-cbc9-4206-b1be-4853d2ecdee0",
          "value": 3
        }
      ],
      "prerequisites": [
        "7d14712a-07bd-472d-80b7-536b6b77326d"
      ],
      "optionlinks": [],
      "reward": [
        {
          "id": "minecraft:dried_kelp",
          "Count": 2
        }
      ],
      "rewardchoice": [],
      "commandrewards": []
    },
    {
      "uuid": "c58aafc5-7312-4d40-a437-98c0c2c1e7fe",
      "name": "A Pressing Matter",
      "description": "Press it down, go around.",
      "x": 73,
      "y": 34,
      "icon": {
        "id": "create:mechanical_press",
        "Count": 1
      },
      "tasks": [
        {
          "type": "DETECT",
          "description": "Pressing Times",
          "longDescription": "Don\u0027t you just *adore* my puns?",
          "items": [
            {
              "item": {
                "id": "create:mechanical_press",
                "Count": 1
              }
            }
          ]
        }
      ],
      "reputationrewards": [
        {
          "reputation": "ba7f21d4-cbc9-4206-b1be-4853d2ecdee0",
          "value": 5
        }
      ],
      "prerequisites": [
        "7d14712a-07bd-472d-80b7-536b6b77326d"
      ],
      "optionlinks": [],
      "reward": [
        {
          "id": "create:depot",
          "Count": 1
        }
      ],
      "rewardchoice": [],
      "commandrewards": []
    },
    {
      "uuid": "fd2dfedb-1862-48a0-884c-aabae6e67bb2",
      "name": "Funnelling",
      "description": "Funnels are a basic, yet efficient way to transfer items between inventories.\n\nWe at the guild use them all the time.",
      "x": 71,
      "y": 124,
      "icon": {
        "id": "create:andesite_funnel",
        "Count": 1
      },
      "tasks": [
        {
          "type": "DETECT",
          "description": "Funneled",
          "longDescription": "They\u0027re not too expensive, thankfully.",
          "items": [
            {
              "item": {
                "id": "create:andesite_funnel",
                "Count": 1
              }
            }
          ]
        }
      ],
      "reputationrewards": [
        {
          "reputation": "ba7f21d4-cbc9-4206-b1be-4853d2ecdee0",
          "value": 5
        }
      ],
      "prerequisites": [
        "bdf66e2a-2fc2-4d7d-9532-f146726a5c32"
      ],
      "optionlinks": [],
      "reward": [
        {
          "id": "hardcorequesting:basic_bag",
          "Count": 1
        },
        {
          "id": "minecraft:redstone",
          "Count": 4,
          "tag": {
            "temperature": 0
          }
        }
      ],
      "rewardchoice": [],
      "commandrewards": []
    },
    {
      "uuid": "3a9d00ab-725b-43dd-b00b-630d8fe094cc",
      "name": "Tunnelling",
      "description": "Sometimes though, you\u0027ll need to tunnel through your problems rather than funnel them away.",
      "x": 71,
      "y": 156,
      "icon": {
        "id": "create:andesite_tunnel",
        "Count": 1,
        "tag": {
          "temperature": 0
        }
      },
      "tasks": [
        {
          "type": "DETECT",
          "description": "Tunnelled",
          "longDescription": "Descriptions are hard.",
          "items": [
            {
              "item": {
                "id": "create:andesite_tunnel",
                "Count": 1,
                "tag": {
                  "temperature": 0
                }
              }
            }
          ]
        }
      ],
      "reputationrewards": [
        {
          "reputation": "ba7f21d4-cbc9-4206-b1be-4853d2ecdee0",
          "value": 5
        }
      ],
      "prerequisites": [
        "bdf66e2a-2fc2-4d7d-9532-f146726a5c32"
      ],
      "optionlinks": [],
      "reward": [
        {
          "id": "hardcorequesting:good_bag",
          "Count": 1,
          "tag": {
            "temperature": 0
          }
        },
        {
          "id": "minecraft:redstone",
          "Count": 6,
          "tag": {
            "temperature": 0
          }
        }
      ],
      "rewardchoice": [],
      "commandrewards": []
    },
    {
      "uuid": "72f324ae-2602-43de-b5bb-183db40b0e13",
      "name": "Culinary Generation",
      "description": "Food that has a high caloric content can be processed into electricity.",
      "x": 173,
      "y": 152,
      "icon": {
        "id": "industrialforegoing:mycelial_culinary",
        "Count": 1,
        "tag": {
          "temperature": 0
        }
      },
      "tasks": [
        {
          "type": "DETECT",
          "description": "Culinary-ation",
          "longDescription": "Can\u0027t make a nice portmanteau, rip",
          "items": [
            {
              "item": {
                "id": "industrialforegoing:mycelial_culinary",
                "Count": 1,
                "tag": {
                  "temperature": 0
                }
              },
              "precision": "TAG_NBT_FUZZY"
            }
          ]
        }
      ],
      "reputationrewards": [
        {
          "reputation": "ba7f21d4-cbc9-4206-b1be-4853d2ecdee0",
          "value": 25
        }
      ],
      "prerequisites": [
        "7082514c-64e7-41a7-a544-39a0d9053a9f"
      ],
      "optionlinks": [],
      "reward": [
        {
          "id": "hardcorequesting:epic_bag",
          "Count": 1,
          "tag": {
            "temperature": 0
          }
        },
        {
          "id": "contenttweaker:uranium_canister",
          "Count": 2,
          "tag": {
            "temperature": 0
          }
        }
      ],
      "rewardchoice": [],
      "commandrewards": []
    },
    {
      "uuid": "f2e3a0d6-e786-4de0-8482-c0b67a392bfe",
      "name": "Trade Offer: Zinc for Cobalt",
      "description": "Zinc is useless to us, but if you need it we will trade for Cobalt.",
      "x": 125,
      "y": 11,
      "icon": {
        "id": "create:zinc_ingot",
        "Count": 1
      },
      "repeat": {
        "type": "TIME",
        "days": 0,
        "hours": 7
      },
      "trigger": "ANTI_TRIGGER",
      "tasks": [
        {
          "type": "CONSUME",
          "description": "Payment",
          "longDescription": "Cobalt is a very good material for tools.",
          "items": [
            {
              "item": {
                "id": "tconstruct:cobalt_ingot",
                "Count": 2
              },
              "required": 2
            }
          ]
        }
      ],
      "reputationrewards": [
        {
          "reputation": "ba7f21d4-cbc9-4206-b1be-4853d2ecdee0",
          "value": 5
        },
        {
          "reputation": "ba1934d5-54c2-41ab-8c56-58e0c8353c2d",
          "value": 10
        }
      ],
      "prerequisites": [
        "fece7d3b-bb28-4966-b07e-9fef0049cc6b"
      ],
      "optionlinks": [],
      "reward": [
        {
          "id": "create:zinc_ingot",
          "Count": 4
        }
      ],
      "rewardchoice": [],
      "commandrewards": []
    },
    {
      "uuid": "71f877f6-cc1f-4cf0-aa6f-322c9ffec8fc",
      "name": "Anointed Forging",
      "description": "This is a rare and powerful type of forge you\u0027ve created!\n\nIt\u0027s sure to improve everything, if provided with the proper materials.",
      "x": 110,
      "y": 87,
      "icon": {
        "id": "anointeditems:anointing_table",
        "Count": 1
      },
      "tasks": [
        {
          "type": "DETECT",
          "description": "The Forge",
          "longDescription": "It seems you need to create some special capsules to contain the power this forges requires.\n\nPerhaps we could make you one?",
          "items": [
            {
              "item": {
                "id": "anointeditems:anointing_table",
                "Count": 1
              }
            }
          ]
        }
      ],
      "reputationrewards": [
        {
          "reputation": "ba7f21d4-cbc9-4206-b1be-4853d2ecdee0",
          "value": 20
        },
        {
          "reputation": "ba1934d5-54c2-41ab-8c56-58e0c8353c2d",
          "value": 10
        }
      ],
      "prerequisites": [
        "59a32f19-fc9a-4ce6-9d17-1f47b5c80a1f"
      ],
      "optionlinks": [],
      "reward": [
        {
          "id": "hardcorequesting:epic_bag",
          "Count": 1
        }
      ],
      "rewardchoice": [
        {
          "id": "anointeditems:power_oil",
          "Count": 1
        },
        {
          "id": "anointeditems:acceleration_oil",
          "Count": 1
        }
      ],
      "commandrewards": []
    },
    {
      "uuid": "765d82aa-2f66-4faa-8af4-1e345bfabe23",
      "name": "Trade Offer: Gold for Dried Kelp",
      "description": "This material is impossible to come by here, we have to travel to the Overworld to acquire it.\n\nBut we are willing to trade, if you want some.",
      "x": 23,
      "y": 107,
      "icon": {
        "id": "minecraft:dried_kelp",
        "Count": 1
      },
      "repeat": {
        "type": "TIME",
        "days": 0,
        "hours": 7
      },
      "trigger": "ANTI_TRIGGER",
      "tasks": [
        {
          "type": "CONSUME",
          "description": "Payment",
          "longDescription": "We don\u0027t often venture to the Overworld, but we will trade any extras we happen to acquire.",
          "items": [
            {
              "item": {
                "id": "minecraft:gold_ingot",
                "Count": 6
              },
              "required": 6
            }
          ]
        }
      ],
      "reputationrewards": [
        {
          "reputation": "ba1934d5-54c2-41ab-8c56-58e0c8353c2d",
          "value": 5
        }
      ],
      "prerequisites": [
        "bdf66e2a-2fc2-4d7d-9532-f146726a5c32"
      ],
      "optionlinks": [],
      "reward": [
        {
          "id": "minecraft:dried_kelp",
          "Count": 4
        }
      ],
      "rewardchoice": [],
      "commandrewards": []
    },
    {
      "uuid": "c3a6fa21-674a-4270-817f-f4a1090729c1",
      "name": "Bulk Zinc Purchase",
      "description": "If you would like to purchase a lot of Zinc at once, we can do so.",
      "x": 93,
      "y": 11,
      "icon": {
        "id": "create:zinc_block",
        "Count": 1
      },
      "trigger": "ANTI_TRIGGER",
      "tasks": [
        {
          "type": "CONSUME",
          "description": "Payment",
          "longDescription": "We can only do this once due to lower quantities of Zinc Blocks, but we do appriciate your business.",
          "items": [
            {
              "item": {
                "id": "tconstruct:cobalt_block",
                "Count": 3
              },
              "required": 3
            }
          ]
        }
      ],
      "reputationrewards": [
        {
          "reputation": "ba7f21d4-cbc9-4206-b1be-4853d2ecdee0",
          "value": 15
        },
        {
          "reputation": "ba1934d5-54c2-41ab-8c56-58e0c8353c2d",
          "value": 25
        }
      ],
      "prerequisites": [
        "fece7d3b-bb28-4966-b07e-9fef0049cc6b"
      ],
      "optionlinks": [],
      "reward": [
        {
          "id": "create:zinc_block",
          "Count": 2
        }
      ],
      "rewardchoice": [],
      "commandrewards": []
    },
    {
      "uuid": "5dd516d7-8e33-4705-9c97-02369e5feb2c",
      "name": "Metallic Flight",
      "description": "You may have noticed that there are many pools of lava everywhere.\n\nPerhaps flying above them would prove useful?",
      "x": 157,
      "y": 35,
      "icon": {
        "id": "ironjetpacks:copper_jetpack",
        "Count": 1,
        "tag": {
          "Throttle": 1
        }
      },
      "tasks": [
        {
          "type": "DETECT",
          "description": "Basic Flight",
          "longDescription": "You can improve upon this later, but for now it works fine.\n\nThis will no doubt anger the Hellraisers though, as they frown upon anything that isn\u0027t raw strength.",
          "items": [
            {
              "item": {
                "id": "ironjetpacks:copper_jetpack",
                "Count": 1,
                "tag": {
                  "Throttle": 1
                }
              },
              "precision": "TAG_NBT_FUZZY"
            }
          ]
        }
      ],
      "reputationrewards": [
        {
          "reputation": "ba7f21d4-cbc9-4206-b1be-4853d2ecdee0",
          "value": 30
        },
        {
          "reputation": "ba1934d5-54c2-41ab-8c56-58e0c8353c2d",
          "value": -25
        }
      ],
      "prerequisites": [
        "7082514c-64e7-41a7-a544-39a0d9053a9f"
      ],
      "optionlinks": [],
      "reward": [
        {
          "id": "hardcorequesting:greater_bag",
          "Count": 1,
          "tag": {
            "temperature": 0.0
          }
        }
      ],
      "rewardchoice": [
        {
          "id": "powah:energy_cell_starter",
          "Count": 1,
          "tag": {
            "temperature": 0.0
          }
        },
        {
          "id": "contenttweaker:uranium_drop",
          "Count": 1,
          "tag": {
            "temperature": 0.0
          }
        }
      ],
      "commandrewards": [
        "/tellraw @p {\"text\":\"Why not just walk *around* the lava lakes? Or make a boat?!\", \"color\":\"red\"}"
      ]
    },
    {
      "uuid": "7d14712a-07bd-472d-80b7-536b6b77326d",
      "name": "Cogs in the Machine",
      "description": "Cogwheels are the most basic part of any contraption.",
      "x": 53,
      "y": 59,
      "icon": {
        "id": "create:cogwheel",
        "Count": 1
      },
      "tasks": [
        {
          "type": "CRAFT",
          "description": "Cogs",
          "longDescription": "Good luck finding the materials though.",
          "items": [
            {
              "item": {
                "id": "create:cogwheel",
                "Count": 2
              },
              "required": 2
            }
          ]
        }
      ],
      "reputationrewards": [
        {
          "reputation": "ba7f21d4-cbc9-4206-b1be-4853d2ecdee0",
          "value": 2
        }
      ],
      "prerequisites": [
        "ca1272a4-3097-456f-8890-804c6549c8d3"
      ],
      "optionlinks": [],
      "reward": [
        {
          "id": "create:belt_connector",
          "Count": 1
        }
      ],
      "rewardchoice": [],
      "commandrewards": []
    },
    {
      "uuid": "9437fa70-21d5-4e72-bb68-e1b47f8d92dd",
      "name": "Furnace Generation",
      "description": "Furnaces generate quite a bit of heat. Maybe you could utilize that and convert it to power?",
      "x": 142,
      "y": 152,
      "icon": {
        "id": "powah:furnator_starter",
        "Count": 1,
        "tag": {
          "temperature": 0
        }
      },
      "tasks": [
        {
          "type": "DETECT",
          "description": "Furnation",
          "longDescription": "There\u0027s multiple tiers, each of which makes more power than the last.",
          "items": [
            {
              "item": {
                "id": "powah:furnator_starter",
                "Count": 1,
                "tag": {
                  "temperature": 0
                }
              },
              "precision": "TAG_NBT_FUZZY"
            }
          ]
        }
      ],
      "reputationrewards": [
        {
          "reputation": "ba7f21d4-cbc9-4206-b1be-4853d2ecdee0",
          "value": 5
        }
      ],
      "prerequisites": [
        "7082514c-64e7-41a7-a544-39a0d9053a9f"
      ],
      "optionlinks": [],
      "reward": [
        {
          "id": "hardcorequesting:good_bag",
          "Count": 1,
          "tag": {
            "temperature": 0
          }
        },
        {
          "id": "contenttweaker:uranium_drop",
          "Count": 1,
          "tag": {
            "temperature": 0
          }
        }
      ],
      "rewardchoice": [],
      "commandrewards": []
    },
    {
      "uuid": "7082514c-64e7-41a7-a544-39a0d9053a9f",
      "name": "The Way Out?",
      "description": "Hoepfully, at least.\n\nIt seems this obsidian material can bridge the gap between worlds.\n\nWorth looking in to.",
      "x": 154,
      "y": 84,
      "bigicon": true,
      "icon": {
        "id": "minecraft:obsidian",
        "Count": 1
      },
      "tasks": [
        {
          "type": "DETECT",
          "description": "Impure",
          "longDescription": "This is a cruder, less usable version of the material. It needs to be properly refined before becoming useful.\n\nYou will need many more, so it may be prudent to automate the process.",
          "items": [
            {
              "item": {
                "id": "minecraft:crying_obsidian",
                "Count": 1
              }
            }
          ]
        },
        {
          "type": "DETECT",
          "description": "Purified",
          "longDescription": "After being purified, this Obsidian can now harness the extra-dimensional powers of the Nether.",
          "items": [
            {
              "item": {
                "id": "minecraft:obsidian",
                "Count": 10
              },
              "required": 10
            }
          ]
        },
        {
          "type": "DETECT",
          "description": "Lighting Method",
          "longDescription": "You just need a way to start it.",
          "items": [
            {
              "item": {
                "id": "minecraft:flint_and_steel",
                "Count": 1,
                "tag": {
                  "Damage": 0
                }
              },
              "precision": "TAG_NBT_FUZZY"
            }
          ]
        }
      ],
      "reputationrewards": [
        {
          "reputation": "ba7f21d4-cbc9-4206-b1be-4853d2ecdee0",
          "value": 10
        },
        {
          "reputation": "ba1934d5-54c2-41ab-8c56-58e0c8353c2d",
          "value": -15
        }
      ],
      "prerequisites": [
        "88972a20-2b64-49ad-a301-9a94c408855d"
      ],
      "optionlinks": [],
      "reward": [
        {
          "id": "hardcorequesting:legendary_bag",
          "Count": 1,
          "tag": {
            "temperature": 0
          }
        },
        {
          "id": "xpcoins:platinum_coin",
          "Count": 1,
          "tag": {
            "temperature": 0
          }
        }
      ],
      "rewardchoice": [],
      "commandrewards": [
        "/tellraw @p {\"text\":\"You should\u0027ve asked us to use our portal, we would\u0027ve been more than willing to help...\", \"color\":\"red\"}",
        "/say Note that the game may lag and/or crash sometimes due to Nether Portal Spread. If so, remove the mod and tell me."
      ]
    },
    {
      "uuid": "395781b5-3a73-4c3a-99ea-f7ba10150d5c",
      "name": "Bulk Kelp Purchase",
      "description": "If you need a lot of Dried Kelp, we can trade them in bulk.\n\nWe don\u0027t have much stocked though, so we can only do this once.",
      "x": 23,
      "y": 137,
      "icon": {
        "id": "minecraft:dried_kelp_block",
        "Count": 1
      },
      "trigger": "ANTI_TRIGGER",
      "tasks": [
        {
          "type": "CONSUME",
          "description": "Payment",
          "items": [
            {
              "item": {
                "id": "minecraft:gold_block",
                "Count": 4
              },
              "required": 4
            }
          ]
        }
      ],
      "reputationrewards": [
        {
          "reputation": "ba7f21d4-cbc9-4206-b1be-4853d2ecdee0",
          "value": 10
        },
        {
          "reputation": "ba1934d5-54c2-41ab-8c56-58e0c8353c2d",
          "value": 15
        }
      ],
      "prerequisites": [
        "bdf66e2a-2fc2-4d7d-9532-f146726a5c32"
      ],
      "optionlinks": [],
      "reward": [
        {
          "id": "minecraft:dried_kelp_block",
          "Count": 4
        }
      ],
      "rewardchoice": [],
      "commandrewards": []
    },
    {
      "uuid": "f09d5a98-bc79-4cfb-aa2a-b478155592f2",
      "name": "Better Tunnelling",
      "description": "Brass tunnels also filter things and can move stacks at once.",
      "x": 123,
      "y": 124,
      "icon": {
        "id": "create:brass_tunnel",
        "Count": 1,
        "tag": {
          "temperature": 0
        }
      },
      "tasks": [
        {
          "type": "DETECT",
          "description": "Tunnelled Again",
          "longDescription": "I hope you\u0027ve been checking the ponder system if you don\u0027t know how things work....",
          "items": [
            {
              "item": {
                "id": "create:brass_tunnel",
                "Count": 1,
                "tag": {
                  "temperature": 0
                }
              }
            }
          ]
        }
      ],
      "reputationrewards": [
        {
          "reputation": "ba7f21d4-cbc9-4206-b1be-4853d2ecdee0",
          "value": 10
        }
      ],
      "prerequisites": [
        "fd2dfedb-1862-48a0-884c-aabae6e67bb2"
      ],
      "optionlinks": [],
      "reward": [
        {
          "id": "minecraft:redstone_block",
          "Count": 1,
          "tag": {
            "temperature": 0
          }
        },
        {
          "id": "minecraft:redstone",
          "Count": 4,
          "tag": {
            "temperature": 0
          }
        },
        {
          "id": "hardcorequesting:greater_bag",
          "Count": 2,
          "tag": {
            "temperature": 0
          }
        }
      ],
      "rewardchoice": [],
      "commandrewards": []
    },
    {
      "uuid": "b0d537a0-1a12-4824-8973-047edb069fb0",
      "name": "Better Funelling",
      "description": "You can use Brass Funnels to sort and categorize various items.",
      "x": 98,
      "y": 140,
      "icon": {
        "id": "create:brass_funnel",
        "Count": 1,
        "tag": {
          "temperature": 0
        }
      },
      "tasks": [
        {
          "type": "DETECT",
          "description": "Funneled",
          "longDescription": "In addition, they can process entire stacks of items at once.",
          "items": [
            {
              "item": {
                "id": "create:brass_funnel",
                "Count": 1,
                "tag": {
                  "temperature": 0
                }
              }
            }
          ]
        }
      ],
      "reputationrewards": [
        {
          "reputation": "ba7f21d4-cbc9-4206-b1be-4853d2ecdee0",
          "value": 10
        }
      ],
      "prerequisites": [
        "fd2dfedb-1862-48a0-884c-aabae6e67bb2"
      ],
      "optionlinks": [],
      "reward": [
        {
          "id": "minecraft:redstone_block",
          "Count": 1,
          "tag": {
            "temperature": 0
          }
        },
        {
          "id": "hardcorequesting:greater_bag",
          "Count": 1,
          "tag": {
            "temperature": 0
          }
        }
      ],
      "rewardchoice": [],
      "commandrewards": []
    },
    {
      "uuid": "d75f1960-e5b6-4431-98e9-ad6ac5b2b8b0",
      "name": "Shafted",
      "description": "These shafts will transmit rotational energy in a straight line.\n\nYou can also place one inside a belt (right-click).",
      "x": 77,
      "y": 82,
      "icon": {
        "id": "create:shaft",
        "Count": 1
      },
      "tasks": [
        {
          "type": "DETECT",
          "description": "Shafts",
          "longDescription": "They\u0027re quite inexpensive, thankfully.",
          "items": [
            {
              "item": {
                "id": "create:shaft",
                "Count": 4
              },
              "required": 4
            }
          ]
        }
      ],
      "reputationrewards": [
        {
          "reputation": "ba7f21d4-cbc9-4206-b1be-4853d2ecdee0",
          "value": 3
        }
      ],
      "prerequisites": [
        "7d14712a-07bd-472d-80b7-536b6b77326d"
      ],
      "optionlinks": [],
      "reward": [
        {
          "id": "xpcoins:copper_coin",
          "Count": 1
        }
      ],
      "rewardchoice": [],
      "commandrewards": []
    },
    {
      "uuid": "16b3d069-2490-40b7-b027-2f1e86df36a2",
      "name": "Tree Milking",
      "description": "According to our research, you\u0027ll need some plastic to start making overworld technology.",
      "x": 157,
      "y": 128,
      "icon": {
        "id": "industrialforegoing:fluid_extractor",
        "Count": 1
      },
      "tasks": [
        {
          "type": "DETECT",
          "description": "Rubber Extraction",
          "longDescription": "This will slowly extract the rubber from trees it\u0027s placed near.\n\nPowering it will make it work faster.",
          "items": [
            {
              "item": {
                "id": "industrialforegoing:fluid_extractor",
                "Count": 1
              }
            }
          ]
        }
      ],
      "reputationrewards": [
        {
          "reputation": "ba7f21d4-cbc9-4206-b1be-4853d2ecdee0",
          "value": 10
        }
      ],
      "prerequisites": [
        "7082514c-64e7-41a7-a544-39a0d9053a9f"
      ],
      "optionlinks": [],
      "reward": [
        {
          "id": "industrialforegoing:latex_processing_unit",
          "Count": 1
        },
        {
          "id": "hardcorequesting:good_bag",
          "Count": 2
        }
      ],
      "rewardchoice": [],
      "commandrewards": []
    },
    {
      "uuid": "88972a20-2b64-49ad-a301-9a94c408855d",
      "name": "Advanced Crushing",
      "description": "These giant stone wheels will crush anything that passes through them, and turn it into dust.",
      "x": 125,
      "y": 59,
      "icon": {
        "id": "create:crushing_wheel",
        "Count": 1
      },
      "trigger": "ANTI_TRIGGER",
      "tasks": [
        {
          "type": "DETECT",
          "description": "Crushed",
          "longDescription": "Be sure they rotate into each other.",
          "items": [
            {
              "item": {
                "id": "create:crushing_wheel",
                "Count": 2
              },
              "required": 2
            }
          ]
        }
      ],
      "reputationrewards": [
        {
          "reputation": "ba7f21d4-cbc9-4206-b1be-4853d2ecdee0",
          "value": 10
        },
        {
          "reputation": "ba1934d5-54c2-41ab-8c56-58e0c8353c2d",
          "value": -10
        }
      ],
      "prerequisites": [
        "59a32f19-fc9a-4ce6-9d17-1f47b5c80a1f"
      ],
      "optionlinks": [],
      "reward": [
        {
          "id": "hardcorequesting:epic_bag",
          "Count": 1,
          "tag": {
            "temperature": 0
          }
        },
        {
          "id": "xpcoins:copper_coin",
          "Count": 5,
          "tag": {
            "temperature": 0
          }
        }
      ],
      "rewardchoice": [],
      "commandrewards": []
    },
    {
      "uuid": "9e5a2935-a8bb-4369-86a9-3591bc6d4ad7",
      "name": "Bigger Cogs in the Machine",
      "description": "These rotate differently than regular cogwheels.",
      "x": 23,
      "y": 75,
      "icon": {
        "id": "create:large_cogwheel",
        "Count": 1
      },
      "trigger": "ANTI_TRIGGER",
      "tasks": [
        {
          "type": "DETECT",
          "description": "Bigger Cogs",
          "longDescription": "Should be fun to figure out exactly how.",
          "items": [
            {
              "item": {
                "id": "create:large_cogwheel",
                "Count": 1
              }
            }
          ]
        }
      ],
      "reputationrewards": [
        {
          "reputation": "ba7f21d4-cbc9-4206-b1be-4853d2ecdee0",
          "value": 5
        }
      ],
      "prerequisites": [
        "7d14712a-07bd-472d-80b7-536b6b77326d"
      ],
      "optionlinks": [],
      "reward": [
        {
          "id": "create:mechanical_crafter",
          "Count": 3
        },
        {
          "id": "create:cogwheel",
          "Count": 4
        }
      ],
      "rewardchoice": [],
      "commandrewards": []
    }
  ],
  "reputationBar": [
    {
      "reputationId": "ba7f21d4-cbc9-4206-b1be-4853d2ecdee0",
      "x": 18,
      "y": 190
    }
  ],
  "description": "Make some extra tech. Should help you out.\n\nIt is (partially) optional though."
}