{
  "name": "Gifts",
  "quests": [
    {
      "uuid": "0dc6fa59-c021-421e-9168-5f0d6fa6feb2",
      "name": "Engineer\u0027s Gift",
      "description": "It seems you\u0027re low on materials,\n\nHere, take this as a gift from us.",
      "x": 173,
      "y": 86,
      "icon": {
        "id": "create:hand_crank",
        "Count": 1
      },
      "tasks": [
        {
          "type": "REPUTATION",
          "description": "Reputable",
          "longDescription": "We\u0027ve noticed you\u0027re quite intuitive when it comes to engineering.\n\nWe\u0027d love to have you join us.",
          "reputation": [
            {
              "reputation": "ba7f21d4-cbc9-4206-b1be-4853d2ecdee0",
              "inverted": false,
              "lower": 0,
              "upper": 0
            }
          ]
        }
      ],
      "prerequisites": [
        "ca1272a4-3097-456f-8890-804c6549c8d3"
      ],
      "optionlinks": [],
      "reward": [
        {
          "id": "create:hand_crank",
          "Count": 1
        }
      ],
      "rewardchoice": [],
      "commandrewards": []
    },
    {
      "uuid": "529c655e-9d95-425d-b2c5-56d0bbee6fd0",
      "name": "A Master\u0027s Reward",
      "description": "Congratulations on becoming a legendary engineer!",
      "x": 158,
      "y": 24,
      "icon": {
        "id": "create:adjustable_chain_gearshift",
        "Count": 1,
        "tag": {
          "temperature": 0
        }
      },
      "tasks": [
        {
          "type": "REPUTATION",
          "description": "The Ultimate Engineer",
          "longDescription": "We bestow masters such as you with a great gift, please enjoy it to the fullest.",
          "reputation": [
            {
              "reputation": "ba7f21d4-cbc9-4206-b1be-4853d2ecdee0",
              "inverted": false,
              "lower": 7,
              "upper": 7
            }
          ]
        }
      ],
      "reputationrewards": [
        {
          "reputation": "9de6ac93-d5a7-4d03-a65f-8078b9ea420b",
          "value": 25
        }
      ],
      "prerequisites": [
        "16b3d069-2490-40b7-b027-2f1e86df36a2"
      ],
      "optionlinks": [],
      "reward": [
        {
          "id": "minecraft:ancient_debris",
          "Count": 8,
          "tag": {
            "temperature": 0
          }
        },
        {
          "id": "create:blaze_burner",
          "Count": 1,
          "tag": {
            "temperature": 0
          }
        },
        {
          "id": "create:blaze_cake",
          "Count": 16,
          "tag": {
            "temperature": 0
          }
        },
        {
          "id": "hardcorequesting:legendary_bag",
          "Count": 24,
          "tag": {
            "temperature": 0
          }
        },
        {
          "id": "hardcorequesting:epic_bag",
          "Count": 8,
          "tag": {
            "temperature": 0
          }
        },
        {
          "id": "create:cogwheel",
          "Count": 64,
          "tag": {
            "temperature": 0
          }
        },
        {
          "id": "create:shaft",
          "Count": 64,
          "tag": {
            "temperature": 0
          }
        }
      ],
      "rewardchoice": [
        {
          "id": "create:gearshift",
          "Count": 16,
          "tag": {
            "temperature": 0
          }
        },
        {
          "id": "create:gearbox",
          "Count": 16,
          "tag": {
            "temperature": 0
          }
        }
      ],
      "commandrewards": []
    },
    {
      "uuid": "d42175dc-1550-48ed-9aec-54758eb49fa8",
      "name": "Supplies",
      "description": "As fellow denizens of this place, we can\u0027t turn away any who need help.",
      "x": 158,
      "y": 137,
      "icon": {
        "id": "comfortable_nether:remnant_stew",
        "Count": 1
      },
      "trigger": "ANTI_TRIGGER",
      "tasks": [
        {
          "type": "REPUTATION",
          "description": "Reputable",
          "longDescription": "Work your way through the Hellraiser Hierarchy, if you get high enough they may reward you for your efforts.",
          "reputation": [
            {
              "reputation": "ba1934d5-54c2-41ab-8c56-58e0c8353c2d",
              "inverted": false,
              "lower": 3,
              "upper": 3
            }
          ]
        }
      ],
      "prerequisites": [
        "e5b77a0a-b0b4-4893-8148-39646f6e03ea"
      ],
      "optionlinks": [],
      "reward": [
        {
          "id": "comfortable_nether:remnant_stew",
          "Count": 3
        }
      ],
      "rewardchoice": [],
      "commandrewards": []
    },
    {
      "uuid": "8531ce93-a603-4fb2-906f-d52c96a239a7",
      "name": "A Debris of Gifts",
      "description": "Collectors close to mastering the art may reap the following rewards.",
      "x": 187,
      "y": 61,
      "icon": {
        "id": "minecraft:netherite_scrap",
        "Count": 1,
        "tag": {
          "temperature": 0
        }
      },
      "tasks": [
        {
          "type": "REPUTATION",
          "description": "Reputable",
          "longDescription": "I\u0027m sure the Hellrasiers would appreciate you more too.",
          "reputation": [
            {
              "reputation": "9de6ac93-d5a7-4d03-a65f-8078b9ea420b",
              "inverted": false,
              "lower": 2,
              "upper": 3
            }
          ]
        }
      ],
      "reputationrewards": [
        {
          "reputation": "ba1934d5-54c2-41ab-8c56-58e0c8353c2d",
          "value": 5
        }
      ],
      "prerequisites": [
        "267d7b62-57e3-4f58-9ff7-43ac13179187"
      ],
      "optionlinks": [],
      "reward": [
        {
          "id": "minecraft:netherite_scrap",
          "Count": 2,
          "tag": {
            "temperature": 0
          }
        }
      ],
      "rewardchoice": [],
      "commandrewards": []
    },
    {
      "uuid": "b4b0638b-c369-4dd2-9081-9d2f7cb42c9c",
      "name": "Collector\u0027s Gift",
      "description": "I find it hard to part with these, but you\u0027ve done so much for me... I wanted to thank you for all the new things I\u0027ve been able to add to my collection due to your efforts.",
      "x": 158,
      "y": 61,
      "icon": {
        "id": "minecraft:diamond",
        "Count": 1
      },
      "tasks": [
        {
          "type": "REPUTATION",
          "description": "Reputable",
          "longDescription": "I don\u0027t often part with my collection, but I appreciate what you\u0027ve done for me. ",
          "reputation": [
            {
              "reputation": "9de6ac93-d5a7-4d03-a65f-8078b9ea420b",
              "inverted": false,
              "lower": 1,
              "upper": 2
            }
          ]
        }
      ],
      "prerequisites": [
        "e6c4c4ca-2194-47d9-bf5e-3e8341119e93"
      ],
      "optionlinks": [],
      "reward": [
        {
          "id": "minecraft:diamond",
          "Count": 6
        },
        {
          "id": "minecraft:netherite_scrap",
          "Count": 2
        }
      ],
      "rewardchoice": [],
      "commandrewards": []
    },
    {
      "uuid": "6cc6193f-1c3c-4a11-bd24-fc6d227bc9c1",
      "name": "Reincarnate\u0027s Gift",
      "description": "You may have noticed that conventional methods of reincarnation and sleep don\u0027t work here.\n\nWe have created an alternative that you might take a liking to.",
      "x": 158,
      "y": 108,
      "icon": {
        "id": "minecraft:respawn_anchor",
        "Count": 1,
        "tag": {
          "temperature": 0
        }
      },
      "trigger": "ANTI_TRIGGER",
      "tasks": [
        {
          "type": "REPUTATION",
          "description": "Reputable",
          "longDescription": "If only you could get a full-fledged nether bed....",
          "reputation": [
            {
              "reputation": "ba1934d5-54c2-41ab-8c56-58e0c8353c2d",
              "inverted": false,
              "lower": 4,
              "upper": 7
            }
          ]
        }
      ],
      "prerequisites": [
        "9e19bb61-7a40-4825-b472-1eb6544cf8fa"
      ],
      "optionlinks": [],
      "reward": [
        {
          "id": "minecraft:respawn_anchor",
          "Count": 1,
          "tag": {
            "temperature": 0
          }
        }
      ],
      "rewardchoice": [],
      "commandrewards": []
    },
    {
      "uuid": "78cc2281-0200-47a7-a8ec-ea3c808309f1",
      "name": "Crafter\u0027s Second Gift",
      "description": "It seems you need a couple more of these just about now.",
      "x": 116,
      "y": 86,
      "icon": {
        "id": "create:mechanical_crafter",
        "Count": 1
      },
      "trigger": "ANTI_TRIGGER",
      "tasks": [
        {
          "type": "REPUTATION",
          "description": "Reputable",
          "longDescription": "Does it not?",
          "reputation": [
            {
              "reputation": "ba7f21d4-cbc9-4206-b1be-4853d2ecdee0",
              "inverted": false,
              "lower": 2,
              "upper": 2
            }
          ]
        }
      ],
      "prerequisites": [
        "fece7d3b-bb28-4966-b07e-9fef0049cc6b"
      ],
      "optionlinks": [],
      "reward": [
        {
          "id": "create:mechanical_crafter",
          "Count": 3
        }
      ],
      "rewardchoice": [],
      "commandrewards": []
    },
    {
      "uuid": "0c86d3d2-87b3-4d8d-8f0b-a5ac69e59f63",
      "name": "An Ancient Gift",
      "description": "This is only for those I deem to be masterful in the field of collection.",
      "x": 129,
      "y": 61,
      "icon": {
        "id": "minecraft:ancient_debris",
        "Count": 1,
        "tag": {
          "temperature": 0
        }
      },
      "tasks": [
        {
          "type": "REPUTATION",
          "description": "Reputable",
          "longDescription": "Well done.",
          "reputation": [
            {
              "reputation": "9de6ac93-d5a7-4d03-a65f-8078b9ea420b",
              "inverted": false,
              "lower": 4,
              "upper": 5
            }
          ]
        }
      ],
      "reputationrewards": [
        {
          "reputation": "ba1934d5-54c2-41ab-8c56-58e0c8353c2d",
          "value": 5
        }
      ],
      "prerequisites": [
        "267d7b62-57e3-4f58-9ff7-43ac13179187"
      ],
      "optionlinks": [],
      "reward": [
        {
          "id": "minecraft:ancient_debris",
          "Count": 2,
          "tag": {
            "temperature": 0
          }
        }
      ],
      "rewardchoice": [],
      "commandrewards": []
    },
    {
      "uuid": "02753e4d-2a8e-4bb0-8e75-68091598209e",
      "name": "Crafter\u0027s Gift",
      "description": "These should prove most useful to you.",
      "x": 142,
      "y": 86,
      "icon": {
        "id": "create:mechanical_crafter",
        "Count": 1
      },
      "trigger": "ANTI_TRIGGER",
      "tasks": [
        {
          "type": "REPUTATION",
          "description": "Reputable",
          "longDescription": "At least, we hope so.",
          "reputation": [
            {
              "reputation": "ba7f21d4-cbc9-4206-b1be-4853d2ecdee0",
              "inverted": false,
              "lower": 1,
              "upper": 1
            }
          ]
        }
      ],
      "prerequisites": [
        "59a32f19-fc9a-4ce6-9d17-1f47b5c80a1f"
      ],
      "optionlinks": [],
      "reward": [
        {
          "id": "create:mechanical_crafter",
          "Count": 2
        }
      ],
      "rewardchoice": [],
      "commandrewards": []
    },
    {
      "uuid": "37e8c306-3675-4cfd-9430-db56cfa44f6b",
      "name": "Engineer\u0027s Second Gift",
      "description": "You may have noticed thatsome  fluids ",
      "x": 200,
      "y": 86,
      "icon": {
        "id": "create:mechanical_pump",
        "Count": 1
      },
      "trigger": "ANTI_TRIGGER",
      "tasks": [
        {
          "type": "REPUTATION",
          "description": "Reputable",
          "reputation": [
            {
              "reputation": "ba7f21d4-cbc9-4206-b1be-4853d2ecdee0",
              "inverted": false,
              "lower": 2,
              "upper": 2
            }
          ]
        }
      ],
      "prerequisites": [
        "fece7d3b-bb28-4966-b07e-9fef0049cc6b"
      ],
      "optionlinks": [],
      "reward": [
        {
          "id": "create:mechanical_pump",
          "Count": 1
        }
      ],
      "rewardchoice": [],
      "commandrewards": []
    }
  ],
  "reputationBar": [
    {
      "reputationId": "9de6ac93-d5a7-4d03-a65f-8078b9ea420b",
      "x": 16,
      "y": 148
    },
    {
      "reputationId": "ba1934d5-54c2-41ab-8c56-58e0c8353c2d",
      "x": 16,
      "y": 199
    },
    {
      "reputationId": "ba7f21d4-cbc9-4206-b1be-4853d2ecdee0",
      "x": 16,
      "y": 173
    }
  ],
  "description": "If you please the right factions, they may bestow some gifts upon you."
}