{
  "name": "Hellish Survival",
  "quests": [
    {
      "uuid": "d87537ec-c0f8-47e8-aba3-959b8cac820c",
      "name": "Backpack Upgrades",
      "description": "Although we don\u0027t approve, you are able to augment backpacks.",
      "x": 157,
      "y": 143,
      "icon": {
        "id": "sophisticatedbackpacks:crafting_upgrade",
        "Count": 1
      },
      "trigger": "ANTI_TRIGGER",
      "tasks": [
        {
          "type": "DETECT",
          "description": "Upgrade Base",
          "longDescription": "We don\u0027t like these since they tend to make people lazy.\n\nBut I suppose your kind wouldn\u0027t know it.",
          "items": [
            {
              "item": {
                "id": "sophisticatedbackpacks:upgrade_base",
                "Count": 1
              },
              "precision": "TAG_NBT_FUZZY"
            }
          ]
        }
      ],
      "reputationrewards": [
        {
          "reputation": "ba1934d5-54c2-41ab-8c56-58e0c8353c2d",
          "value": -10
        },
        {
          "reputation": "ba7f21d4-cbc9-4206-b1be-4853d2ecdee0",
          "value": 5
        }
      ],
      "prerequisites": [
        "96ec8100-ccc5-49f7-8e59-75f6df3b4a50"
      ],
      "optionlinks": [],
      "reward": [
        {
          "id": "extcaves:plant_fiber",
          "Count": 8,
          "tag": {
            "temperature": 0
          }
        }
      ],
      "rewardchoice": [],
      "commandrewards": [
        "/say Make whatever you want out of that base."
      ]
    },
    {
      "uuid": "422f72c4-70cf-4935-983e-3708aae541d1",
      "name": "Fun-Guys",
      "description": "These fungi can be a good source of food early on.",
      "x": 143,
      "y": 88,
      "icon": {
        "id": "minecraft:crimson_fungus",
        "Count": 1
      },
      "tasks": [
        {
          "type": "DETECT",
          "description": "Find the fungus.",
          "longDescription": "Trust the fungus.",
          "items": [
            {
              "item": {
                "id": "minecraft:crimson_fungus",
                "Count": 1
              }
            },
            {
              "item": {
                "id": "minecraft:warped_fungus",
                "Count": 1
              }
            }
          ]
        }
      ],
      "reputationrewards": [
        {
          "reputation": "ba1934d5-54c2-41ab-8c56-58e0c8353c2d",
          "value": 2
        }
      ],
      "prerequisites": [
        "9e19bb61-7a40-4825-b472-1eb6544cf8fa"
      ],
      "optionlinks": [],
      "reward": [
        {
          "id": "minecraft:bowl",
          "Count": 1
        }
      ],
      "rewardchoice": [],
      "commandrewards": []
    },
    {
      "uuid": "4f1bd5d8-5c24-40ac-995d-f4aeacc61859",
      "name": "Food Pouch",
      "description": "We often use these to store rations for long journeys.",
      "x": 184,
      "y": 111,
      "icon": {
        "id": "foodpouches:small_food_pouch",
        "Count": 1
      },
      "tasks": [
        {
          "type": "DETECT",
          "description": "Basic Pouch",
          "longDescription": "A basic pouch for storing your food.\n\nNifty.",
          "items": [
            {
              "item": {
                "id": "foodpouches:small_food_pouch",
                "Count": 1
              },
              "precision": "TAG_NBT_FUZZY"
            }
          ]
        }
      ],
      "reputationrewards": [
        {
          "reputation": "ba1934d5-54c2-41ab-8c56-58e0c8353c2d",
          "value": 5
        }
      ],
      "prerequisites": [
        "71f0f488-964c-415e-82bc-33f83f185831"
      ],
      "optionlinks": [],
      "reward": [
        {
          "id": "minecraft:bread",
          "Count": 3
        }
      ],
      "rewardchoice": [],
      "commandrewards": []
    },
    {
      "uuid": "3d445217-c34f-4e0e-9cc9-da9fb01c71d0",
      "name": "Milky",
      "description": "This....doesn\u0027t look appetizing, but it could help.",
      "x": 172,
      "y": 88,
      "icon": {
        "id": "comfortable_nether:strider_milk",
        "Count": 1
      },
      "tasks": [
        {
          "type": "DETECT",
          "description": "Good luck getting close enough.",
          "longDescription": "Make some bowls first I\u0027d say.",
          "items": [
            {
              "item": {
                "id": "comfortable_nether:strider_milk",
                "Count": 1
              }
            }
          ]
        }
      ],
      "reputationrewards": [
        {
          "reputation": "ba1934d5-54c2-41ab-8c56-58e0c8353c2d",
          "value": 3
        }
      ],
      "prerequisites": [
        "f01b993d-c83a-4b4b-b46f-9c0c3a1788a4"
      ],
      "optionlinks": [],
      "reward": [
        {
          "id": "comfortable_nether:strider_milk",
          "Count": 1
        }
      ],
      "rewardchoice": [],
      "commandrewards": []
    },
    {
      "uuid": "ded82cbd-d8d8-4acd-bd17-add56b9311a8",
      "name": "Fiery Protection",
      "description": "The lava lakes have taken the best of us.\n\nLet\u0027s hope you don\u0027t join them.",
      "x": 158,
      "y": 66,
      "icon": {
        "id": "netherrocks:fyrite_chestplate",
        "Count": 1,
        "tag": {
          "Damage": 0
        }
      },
      "tasks": [
        {
          "type": "DETECT",
          "description": "A Full Set",
          "longDescription": "Some armour sets give bonuses when every piece is equipped.",
          "items": [
            {
              "item": {
                "id": "netherrocks:fyrite_helmet",
                "Count": 1,
                "tag": {
                  "Damage": 0
                }
              },
              "precision": "FUZZY"
            },
            {
              "item": {
                "id": "netherrocks:fyrite_chestplate",
                "Count": 1,
                "tag": {
                  "Damage": 0
                }
              },
              "precision": "FUZZY"
            },
            {
              "item": {
                "id": "netherrocks:fyrite_leggings",
                "Count": 1,
                "tag": {
                  "Damage": 0
                }
              },
              "precision": "FUZZY"
            },
            {
              "item": {
                "id": "netherrocks:fyrite_boots",
                "Count": 1,
                "tag": {
                  "Damage": 0
                }
              },
              "precision": "FUZZY"
            }
          ]
        }
      ],
      "reputationrewards": [
        {
          "reputation": "ba7f21d4-cbc9-4206-b1be-4853d2ecdee0",
          "value": 10
        },
        {
          "reputation": "ba1934d5-54c2-41ab-8c56-58e0c8353c2d",
          "value": 15
        }
      ],
      "prerequisites": [
        "e6c4c4ca-2194-47d9-bf5e-3e8341119e93"
      ],
      "optionlinks": [],
      "reward": [
        {
          "id": "hardcorequesting:greater_bag",
          "Count": 1
        },
        {
          "id": "xpcoins:copper_coin",
          "Count": 3
        }
      ],
      "rewardchoice": [],
      "commandrewards": []
    },
    {
      "uuid": "96ec8100-ccc5-49f7-8e59-75f6df3b4a50",
      "name": "Portable Storage",
      "description": "We often use these packs while adventuring.\n\nThey come in quite handy.",
      "x": 157,
      "y": 111,
      "icon": {
        "id": "sophisticatedbackpacks:backpack",
        "Count": 1
      },
      "tasks": [
        {
          "type": "DETECT",
          "description": "Backpack",
          "longDescription": "Some of us like to customize them to our liking.\n\nFeel free to do so, if you wish.",
          "items": [
            {
              "item": {
                "id": "sophisticatedbackpacks:backpack",
                "Count": 1
              },
              "precision": "TAG_NBT_FUZZY"
            }
          ]
        }
      ],
      "reputationrewards": [
        {
          "reputation": "ba1934d5-54c2-41ab-8c56-58e0c8353c2d",
          "value": 5
        },
        {
          "reputation": "ba7f21d4-cbc9-4206-b1be-4853d2ecdee0",
          "value": 5
        }
      ],
      "prerequisites": [
        "f01b993d-c83a-4b4b-b46f-9c0c3a1788a4"
      ],
      "optionlinks": [],
      "reward": [
        {
          "id": "extcaves:plant_fiber",
          "Count": 16
        }
      ],
      "rewardchoice": [],
      "commandrewards": []
    },
    {
      "uuid": "0ee107e5-369c-4b51-bfdc-c47ebf068966",
      "name": "Racks of Space",
      "description": "Our engineering friends have made a new discovery: Storage Racks.\n\nThese can be used to contain many items at once, if properly upgraded \u0026 improved.",
      "x": 130,
      "y": 111,
      "icon": {
        "id": "storageracks:stone_controller",
        "Count": 1
      },
      "tasks": [
        {
          "type": "DETECT",
          "description": "Rack",
          "longDescription": "Warped or Crimson Stems wood be a good start.\n\nAlso, left-click while holding the next item (e.g. stone) tier to upgrade them.",
          "items": [
            {
              "item": {
                "id": "storageracks:warped_wood_rack",
                "Count": 1
              },
              "precision": "TAG_NBT_FUZZY"
            }
          ]
        },
        {
          "type": "DETECT",
          "description": "Controller",
          "longDescription": "You\u0027ve got to be able to access them, after all.",
          "items": [
            {
              "item": {
                "id": "storageracks:stone_controller",
                "Count": 1
              }
            }
          ]
        }
      ],
      "reputationrewards": [
        {
          "reputation": "ba7f21d4-cbc9-4206-b1be-4853d2ecdee0",
          "value": 5
        }
      ],
      "prerequisites": [
        "ca1272a4-3097-456f-8890-804c6549c8d3"
      ],
      "optionlinks": [],
      "reward": [
        {
          "id": "hardcorequesting:basic_bag",
          "Count": 2
        }
      ],
      "rewardchoice": [],
      "commandrewards": []
    }
  ],
  "reputationBar": [
    {
      "reputationId": "ba7f21d4-cbc9-4206-b1be-4853d2ecdee0",
      "x": 195,
      "y": 197
    },
    {
      "reputationId": "ba1934d5-54c2-41ab-8c56-58e0c8353c2d",
      "x": 21,
      "y": 194
    }
  ],
  "description": "Learn how to survive. Maybe."
}