{
  "name": "Hellish Tribute",
  "quests": [
    {
      "uuid": "9a03e78b-0805-4621-8d32-bf1d5b3e55dc",
      "name": "A Coppery Discovery",
      "description": "Malachite is...useful, at least.\n\nYou could make some tools out of it.\n\nOr give it to me ;)",
      "x": 157,
      "y": 124,
      "icon": {
        "id": "netherrocks:malachite_ingot",
        "Count": 1
      },
      "trigger": "ANTI_TRIGGER",
      "tasks": [
        {
          "type": "CONSUME",
          "description": "Give it?",
          "longDescription": "Please say yes?",
          "items": [
            {
              "item": {
                "id": "netherrocks:malachite_ingot",
                "Count": 1
              }
            }
          ]
        }
      ],
      "reputationrewards": [
        {
          "reputation": "ba1934d5-54c2-41ab-8c56-58e0c8353c2d",
          "value": 5
        },
        {
          "reputation": "9de6ac93-d5a7-4d03-a65f-8078b9ea420b",
          "value": 5
        }
      ],
      "prerequisites": [
        "e6c4c4ca-2194-47d9-bf5e-3e8341119e93"
      ],
      "optionlinks": [],
      "reward": [
        {
          "id": "create:copper_ingot",
          "Count": 3
        },
        {
          "id": "xpcoins:copper_coin",
          "Count": 1
        }
      ],
      "rewardchoice": [],
      "commandrewards": []
    },
    {
      "uuid": "b99b3e40-c4aa-4a5e-a7ba-55fcb9469eee",
      "name": "A Netheric Discovery",
      "description": "Netherite is an incredibly rare and highly valued commodity around here.\n\nIt\u0027s quite durable, enchantable, and mines things rather quickly.",
      "x": 157,
      "y": 86,
      "icon": {
        "id": "minecraft:netherite_ingot",
        "Count": 1,
        "tag": {
          "temperature": 0
        }
      },
      "trigger": "ANTI_TRIGGER",
      "tasks": [
        {
          "type": "CONSUME",
          "description": "Valued",
          "longDescription": "It can be quite difficult to find, but I simply must have it in my collection!",
          "items": [
            {
              "item": {
                "id": "minecraft:netherite_ingot",
                "Count": 1,
                "tag": {
                  "temperature": 0
                }
              }
            }
          ]
        }
      ],
      "reputationrewards": [
        {
          "reputation": "9de6ac93-d5a7-4d03-a65f-8078b9ea420b",
          "value": 25
        },
        {
          "reputation": "ba1934d5-54c2-41ab-8c56-58e0c8353c2d",
          "value": 10
        }
      ],
      "prerequisites": [
        "e6c4c4ca-2194-47d9-bf5e-3e8341119e93"
      ],
      "optionlinks": [],
      "reward": [
        {
          "id": "minecraft:gold_block",
          "Count": 1,
          "tag": {
            "temperature": 0
          }
        },
        {
          "id": "hardcorequesting:legendary_bag",
          "Count": 2
        }
      ],
      "rewardchoice": [],
      "commandrewards": []
    },
    {
      "uuid": "4ca92cb9-6e2c-46a8-ac9d-fe69ff4c1c6a",
      "name": "A Fiery Discovery",
      "description": "This metal is quite hot...and I would like some of it.",
      "x": 127,
      "y": 124,
      "icon": {
        "id": "netherrocks:fyrite_ingot",
        "Count": 1
      },
      "trigger": "ANTI_TRIGGER",
      "tasks": [
        {
          "type": "CONSUME",
          "description": "A Heated Offering",
          "longDescription": "Funny, no?",
          "items": [
            {
              "item": {
                "id": "netherrocks:fyrite_ingot",
                "Count": 1
              }
            }
          ]
        }
      ],
      "reputationrewards": [
        {
          "reputation": "ba1934d5-54c2-41ab-8c56-58e0c8353c2d",
          "value": 3
        },
        {
          "reputation": "9de6ac93-d5a7-4d03-a65f-8078b9ea420b",
          "value": 3
        }
      ],
      "prerequisites": [
        "2b79f745-e69b-4917-856e-7b96fbefb0ca"
      ],
      "optionlinks": [],
      "reward": [
        {
          "id": "minecraft:coal",
          "Count": 3
        },
        {
          "id": "xpcoins:copper_coin",
          "Count": 1
        }
      ],
      "rewardchoice": [],
      "commandrewards": []
    },
    {
      "uuid": "26fe813d-4e22-474f-a4a8-1d26c4377b9a",
      "name": "A Valuable Discovery",
      "description": "Cobalt is incredibly fast when used to mine, and is quite strong; as well as being rather durable.",
      "x": 156,
      "y": 51,
      "icon": {
        "id": "tconstruct:cobalt_ingot",
        "Count": 1
      },
      "trigger": "ANTI_TRIGGER",
      "tasks": [
        {
          "type": "CONSUME",
          "description": "Valu-Blue™",
          "longDescription": "Well I thought it was punny....",
          "items": [
            {
              "item": {
                "id": "tconstruct:cobalt_ingot",
                "Count": 1
              }
            }
          ]
        }
      ],
      "reputationrewards": [
        {
          "reputation": "9de6ac93-d5a7-4d03-a65f-8078b9ea420b",
          "value": 10
        },
        {
          "reputation": "ba1934d5-54c2-41ab-8c56-58e0c8353c2d",
          "value": 5
        }
      ],
      "prerequisites": [
        "e6c4c4ca-2194-47d9-bf5e-3e8341119e93"
      ],
      "optionlinks": [],
      "reward": [
        {
          "id": "create:mechanical_crafter",
          "Count": 1
        },
        {
          "id": "hardcorequesting:epic_bag",
          "Count": 1
        }
      ],
      "rewardchoice": [],
      "commandrewards": []
    },
    {
      "uuid": "8bd2e502-1607-49e8-bfcc-3583f7c05dff",
      "name": "Experienced in Offerings?",
      "description": "These rare coins are quite useful, if you process them correctly.\n\nI\u0027d love to keep some for later use.",
      "x": 126,
      "y": 180,
      "icon": {
        "id": "xpcoins:silver_coin",
        "Count": 1
      },
      "trigger": "ANTI_TRIGGER",
      "tasks": [
        {
          "type": "CONSUME",
          "description": "Half dozen",
          "longDescription": "Maybe I should\u0027ve made it a dozen....",
          "items": [
            {
              "item": {
                "id": "xpcoins:silver_coin",
                "Count": 1
              },
              "required": 6
            }
          ]
        }
      ],
      "reputationrewards": [
        {
          "reputation": "9de6ac93-d5a7-4d03-a65f-8078b9ea420b",
          "value": 10
        },
        {
          "reputation": "ba1934d5-54c2-41ab-8c56-58e0c8353c2d",
          "value": 5
        }
      ],
      "prerequisites": [
        "4b4b48e7-1383-4fc2-ba2e-eba96deee79a"
      ],
      "optionlinks": [],
      "reward": [
        {
          "id": "minecraft:gold_block",
          "Count": 2
        },
        {
          "id": "hardcorequesting:greater_bag",
          "Count": 2,
          "tag": {
            "temperature": 0
          }
        }
      ],
      "rewardchoice": [],
      "commandrewards": []
    },
    {
      "uuid": "3344ea68-8247-4b04-ab22-9bd3f5f4d63e",
      "name": "Pure Involvement",
      "description": "This will be the purest tribute I can think of, oh I simply can\u0027t wait to have it in my hands!",
      "x": 186,
      "y": 180,
      "icon": {
        "id": "xpcoins:platinum_coin",
        "Count": 1
      },
      "tasks": [
        {
          "type": "CONSUME",
          "description": "With a thousand more on the way",
          "longDescription": "It may take awhile to get, but I am a patient fellow.",
          "items": [
            {
              "item": {
                "id": "xpcoins:platinum_coin",
                "Count": 1
              },
              "required": 3
            }
          ]
        }
      ],
      "reputationrewards": [
        {
          "reputation": "9de6ac93-d5a7-4d03-a65f-8078b9ea420b",
          "value": 25
        },
        {
          "reputation": "ba1934d5-54c2-41ab-8c56-58e0c8353c2d",
          "value": 15
        }
      ],
      "prerequisites": [
        "4b4b48e7-1383-4fc2-ba2e-eba96deee79a"
      ],
      "optionlinks": [],
      "reward": [
        {
          "id": "minecraft:ancient_debris",
          "Count": 2,
          "tag": {
            "temperature": 0
          }
        },
        {
          "id": "hardcorequesting:legendary_bag",
          "Count": 2
        }
      ],
      "rewardchoice": [],
      "commandrewards": []
    },
    {
      "uuid": "de811afc-671f-4856-ab5e-df901d902a9f",
      "name": "A Golden Discovery",
      "description": "This gold is quite shiny. I want some.",
      "x": 126,
      "y": 51,
      "icon": {
        "id": "minecraft:gold_ingot",
        "Count": 1
      },
      "trigger": "ANTI_TRIGGER",
      "tasks": [
        {
          "type": "CONSUME",
          "description": "Shiny!",
          "longDescription": "I just want to be shiny, ok?",
          "items": [
            {
              "item": {
                "id": "minecraft:gold_ingot",
                "Count": 1
              }
            }
          ]
        }
      ],
      "reputationrewards": [
        {
          "reputation": "ba1934d5-54c2-41ab-8c56-58e0c8353c2d",
          "value": 2
        },
        {
          "reputation": "9de6ac93-d5a7-4d03-a65f-8078b9ea420b",
          "value": 2
        }
      ],
      "prerequisites": [
        "ae7657be-20d7-4ac5-8d0e-973cf784010f"
      ],
      "optionlinks": [],
      "reward": [
        {
          "id": "xpcoins:copper_coin",
          "Count": 1
        }
      ],
      "rewardchoice": [],
      "commandrewards": []
    },
    {
      "uuid": "183b198a-be56-4d91-a90b-cf6a948111c3",
      "name": "Experiencing it All",
      "description": "Crystallized experiences are highly valued in hell, as they let you re-live key moments of those from the overworld.",
      "x": 157,
      "y": 180,
      "icon": {
        "id": "xpcoins:golden_coin",
        "Count": 1
      },
      "tasks": [
        {
          "type": "CONSUME",
          "description": "30 Levels",
          "longDescription": "Well, it\u0027s a bit more than 30... but still.",
          "items": [
            {
              "item": {
                "id": "xpcoins:golden_coin",
                "Count": 1
              },
              "required": 2
            }
          ]
        }
      ],
      "reputationrewards": [
        {
          "reputation": "9de6ac93-d5a7-4d03-a65f-8078b9ea420b",
          "value": 15
        },
        {
          "reputation": "ba1934d5-54c2-41ab-8c56-58e0c8353c2d",
          "value": 10
        }
      ],
      "prerequisites": [
        "4b4b48e7-1383-4fc2-ba2e-eba96deee79a"
      ],
      "optionlinks": [],
      "reward": [
        {
          "id": "hardcorequesting:epic_bag",
          "Count": 1
        }
      ],
      "rewardchoice": [],
      "commandrewards": []
    },
    {
      "uuid": "b20b3571-0ed4-4462-aded-71c333340fcc",
      "name": "An Ashy Discovery",
      "description": "Not as good as the others.....but not bad.",
      "x": 187,
      "y": 86,
      "icon": {
        "id": "netherrocks:ashstone_gem",
        "Count": 1
      },
      "trigger": "ANTI_TRIGGER",
      "tasks": [
        {
          "type": "CONSUME",
          "description": "Ashy",
          "longDescription": "Might as well toss it into the collection.",
          "items": [
            {
              "item": {
                "id": "netherrocks:ashstone_gem",
                "Count": 1
              }
            }
          ]
        }
      ],
      "reputationrewards": [
        {
          "reputation": "ba1934d5-54c2-41ab-8c56-58e0c8353c2d",
          "value": 5
        },
        {
          "reputation": "9de6ac93-d5a7-4d03-a65f-8078b9ea420b",
          "value": 5
        }
      ],
      "prerequisites": [
        "2b79f745-e69b-4917-856e-7b96fbefb0ca"
      ],
      "optionlinks": [],
      "reward": [
        {
          "id": "minecraft:coal",
          "Count": 5
        },
        {
          "id": "minecraft:experience_bottle",
          "Count": 3
        }
      ],
      "rewardchoice": [],
      "commandrewards": []
    },
    {
      "uuid": "c74431bf-6c95-4ddf-9f6c-3ec38fdcde1e",
      "name": "A Draconic Discovery",
      "description": "Hellish beasts known as \"dragons\" used to roam these plains.\n\nWith them came the power to level entire settlements.",
      "x": 126,
      "y": 86,
      "icon": {
        "id": "netherrocks:dragonstone_gem",
        "Count": 1
      },
      "trigger": "ANTI_TRIGGER",
      "tasks": [
        {
          "type": "CONSUME",
          "description": "Raw Power",
          "longDescription": "But, those days are long gone; and all that remains are these small reminders of their raw power.",
          "items": [
            {
              "item": {
                "id": "netherrocks:dragonstone_gem",
                "Count": 1
              }
            }
          ]
        }
      ],
      "reputationrewards": [
        {
          "reputation": "ba1934d5-54c2-41ab-8c56-58e0c8353c2d",
          "value": 15
        },
        {
          "reputation": "9de6ac93-d5a7-4d03-a65f-8078b9ea420b",
          "value": 25
        }
      ],
      "prerequisites": [
        "267d7b62-57e3-4f58-9ff7-43ac13179187"
      ],
      "optionlinks": [],
      "reward": [
        {
          "id": "minecraft:diamond",
          "Count": 5
        },
        {
          "id": "minecraft:netherite_scrap",
          "Count": 1
        },
        {
          "id": "xpcoins:silver_coin",
          "Count": 1
        }
      ],
      "rewardchoice": [],
      "commandrewards": []
    },
    {
      "uuid": "9cb4f53b-66d2-4b33-a71d-3edc6d89279b",
      "name": "A Shiny Discovery",
      "description": "Ooooo....shiny!\n\nI must have it on me!!",
      "x": 187,
      "y": 124,
      "icon": {
        "id": "netherrocks:illumenite_ingot",
        "Count": 1
      },
      "trigger": "ANTI_TRIGGER",
      "tasks": [
        {
          "type": "CONSUME",
          "description": "Shimmery!",
          "longDescription": "This will go great with golden jewelry!",
          "items": [
            {
              "item": {
                "id": "netherrocks:illumenite_ingot",
                "Count": 1
              }
            }
          ]
        }
      ],
      "reputationrewards": [
        {
          "reputation": "ba1934d5-54c2-41ab-8c56-58e0c8353c2d",
          "value": 7
        },
        {
          "reputation": "9de6ac93-d5a7-4d03-a65f-8078b9ea420b",
          "value": 10
        }
      ],
      "prerequisites": [
        "e6c4c4ca-2194-47d9-bf5e-3e8341119e93"
      ],
      "optionlinks": [],
      "reward": [
        {
          "id": "create:mechanical_crafter",
          "Count": 1
        },
        {
          "id": "xpcoins:copper_coin",
          "Count": 1
        }
      ],
      "rewardchoice": [],
      "commandrewards": []
    },
    {
      "uuid": "c0e27a4f-aca7-4029-8018-86add636c77f",
      "name": "An Argonic Discovery",
      "description": "I\u0027m sure argonites love this metal.",
      "x": 187,
      "y": 51,
      "icon": {
        "id": "netherrocks:argonite_ingot",
        "Count": 1
      },
      "trigger": "ANTI_TRIGGER",
      "tasks": [
        {
          "type": "CONSUME",
          "description": "Argonic",
          "longDescription": "It\u0027s (usually) a gas, you know.\n\nInteresting...",
          "items": [
            {
              "item": {
                "id": "netherrocks:argonite_ingot",
                "Count": 1
              }
            }
          ]
        }
      ],
      "reputationrewards": [
        {
          "reputation": "ba1934d5-54c2-41ab-8c56-58e0c8353c2d",
          "value": 10
        },
        {
          "reputation": "9de6ac93-d5a7-4d03-a65f-8078b9ea420b",
          "value": 15
        }
      ],
      "prerequisites": [
        "267d7b62-57e3-4f58-9ff7-43ac13179187"
      ],
      "optionlinks": [],
      "reward": [
        {
          "id": "create:andesite_alloy",
          "Count": 8
        },
        {
          "id": "xpcoins:copper_coin",
          "Count": 1
        }
      ],
      "rewardchoice": [],
      "commandrewards": []
    }
  ],
  "reputationBar": [
    {
      "reputationId": "9de6ac93-d5a7-4d03-a65f-8078b9ea420b",
      "x": 107,
      "y": 157
    }
  ],
  "description": "It\u0027s only fair that whoever made this book gets some thanks."
}