{
  "name": "Otherworldy Tribute",
  "quests": [
    {
      "uuid": "071fcdff-c8e1-467e-b06c-da73e1f62144",
      "name": "Otherworldly Bushes",
      "description": "These are quite strange....would you please retrieve some for me?",
      "x": 143,
      "y": 85,
      "icon": {
        "id": "minecraft:rose_bush",
        "Count": 1
      },
      "tasks": [
        {
          "type": "CONSUME",
          "description": "Bushy",
          "longDescription": "They\u0027re like the vines we have here, but they smell so good...",
          "items": [
            {
              "item": {
                "id": "minecraft:rose_bush",
                "Count": 3
              },
              "required": 3
            }
          ]
        }
      ],
      "reputationrewards": [
        {
          "reputation": "9de6ac93-d5a7-4d03-a65f-8078b9ea420b",
          "value": 5
        },
        {
          "reputation": "ba1934d5-54c2-41ab-8c56-58e0c8353c2d",
          "value": 15
        }
      ],
      "prerequisites": [
        "7082514c-64e7-41a7-a544-39a0d9053a9f"
      ],
      "optionlinks": [],
      "reward": [
        {
          "id": "minecraft:gold_ingot",
          "Count": 1
        }
      ],
      "rewardchoice": [],
      "commandrewards": []
    },
    {
      "uuid": "2a4e0920-9685-4f1a-a051-3693991341c4",
      "name": "Extra Storage",
      "description": "A nice desk with drawers, oh to have that back...",
      "x": 157,
      "y": 110,
      "icon": {
        "id": "storagedrawers:oak_full_drawers_1",
        "Count": 1
      },
      "trigger": "ANTI_TRIGGER",
      "tasks": [
        {
          "type": "CONSUME",
          "description": "Any Drawers Will Do",
          "longDescription": "Each one stores a different amount, of course.",
          "items": [
            {
              "item": {
                "id": "storagedrawers:oak_full_drawers_1",
                "Count": 1
              },
              "precision": "TAG_NBT_FUZZY"
            }
          ]
        }
      ],
      "reputationrewards": [
        {
          "reputation": "ba7f21d4-cbc9-4206-b1be-4853d2ecdee0",
          "value": 5
        },
        {
          "reputation": "9de6ac93-d5a7-4d03-a65f-8078b9ea420b",
          "value": 5
        }
      ],
      "prerequisites": [
        "7082514c-64e7-41a7-a544-39a0d9053a9f"
      ],
      "optionlinks": [],
      "reward": [
        {
          "id": "hardcorequesting:basic_bag",
          "Count": 1
        }
      ],
      "rewardchoice": [],
      "commandrewards": []
    },
    {
      "uuid": "862473b0-77c3-48da-bb1f-dcb74f1a79b9",
      "name": "Otherworldy Flowers",
      "description": "These \"flowers\" are vastly different than what resides here!\n\nCould you retrieve some for us?",
      "x": 172,
      "y": 85,
      "icon": {
        "id": "minecraft:poppy",
        "Count": 1
      },
      "tasks": [
        {
          "type": "CONSUME",
          "description": "Flowery",
          "longDescription": "This could bloom something interesting.",
          "items": [
            {
              "item": {
                "id": "minecraft:poppy",
                "Count": 4
              },
              "required": 4
            }
          ]
        }
      ],
      "reputationrewards": [
        {
          "reputation": "9de6ac93-d5a7-4d03-a65f-8078b9ea420b",
          "value": 5
        },
        {
          "reputation": "ba1934d5-54c2-41ab-8c56-58e0c8353c2d",
          "value": 10
        }
      ],
      "prerequisites": [
        "7082514c-64e7-41a7-a544-39a0d9053a9f"
      ],
      "optionlinks": [],
      "reward": [
        {
          "id": "minecraft:gold_nugget",
          "Count": 3
        }
      ],
      "rewardchoice": [],
      "commandrewards": []
    },
    {
      "uuid": "246209db-a62e-497b-b816-776893bdb0b8",
      "name": "A Sandy Place",
      "description": "This is nothing like Soul Sand!\n\nWe must have some at once!!",
      "x": 158,
      "y": 60,
      "icon": {
        "id": "minecraft:sand",
        "Count": 1
      },
      "tasks": [
        {
          "type": "CONSUME",
          "description": "Any Sand",
          "longDescription": "It\u0027s going to look so much nicer, and I\u0027m sure it won\u0027t be as loud!",
          "items": [
            {
              "item": {
                "id": "minecraft:sand",
                "Count": 16
              },
              "required": 16,
              "precision": "TAG_NBT_FUZZY"
            }
          ]
        }
      ],
      "reputationrewards": [
        {
          "reputation": "ba1934d5-54c2-41ab-8c56-58e0c8353c2d",
          "value": 5
        }
      ],
      "prerequisites": [
        "7082514c-64e7-41a7-a544-39a0d9053a9f"
      ],
      "optionlinks": [],
      "reward": [
        {
          "id": "minecraft:diamond",
          "Count": 1
        }
      ],
      "rewardchoice": [],
      "commandrewards": []
    },
    {
      "uuid": "4ef7b026-9829-4f8b-9af1-9f9506865c66",
      "name": "An Eggscelent Offering",
      "description": "We\u0027ve discovered the people of this \"overworld\" like things called \"puns\", so we attempted one of our own.",
      "x": 157,
      "y": 140,
      "icon": {
        "id": "minecraft:egg",
        "Count": 1
      },
      "tasks": [
        {
          "type": "CONSUME",
          "description": "I\u0027m Eggstatic!",
          "longDescription": "I\u0027m eager to egg on my friends with these new-found \"puns\"!",
          "items": [
            {
              "item": {
                "id": "minecraft:egg",
                "Count": 1
              },
              "required": 2,
              "precision": "FUZZY"
            }
          ]
        }
      ],
      "reputationrewards": [
        {
          "reputation": "9de6ac93-d5a7-4d03-a65f-8078b9ea420b",
          "value": 15
        },
        {
          "reputation": "ba1934d5-54c2-41ab-8c56-58e0c8353c2d",
          "value": 5
        }
      ],
      "prerequisites": [
        "7082514c-64e7-41a7-a544-39a0d9053a9f"
      ],
      "optionlinks": [],
      "reward": [
        {
          "id": "hardcorequesting:good_bag",
          "Count": 1
        },
        {
          "id": "minecraft:gold_ingot",
          "Count": 1
        }
      ],
      "rewardchoice": [],
      "commandrewards": []
    }
  ],
  "reputationBar": [
    {
      "reputationId": "ba7f21d4-cbc9-4206-b1be-4853d2ecdee0",
      "x": 19,
      "y": 179
    },
    {
      "reputationId": "ba1934d5-54c2-41ab-8c56-58e0c8353c2d",
      "x": 18,
      "y": 200
    },
    {
      "reputationId": "9de6ac93-d5a7-4d03-a65f-8078b9ea420b",
      "x": 18,
      "y": 160
    }
  ],
  "description": "Well now that you\u0027ve escaped, you should thank everyone who helped you."
}