{
	"type": "custommachinery:custom_machine",
	"machine": "quintessence:arc_furnace",
	"jeiPriority": 883,
	"time": 300,
	"requirements": [
		{
			"type": "custommachinery:energy",
			"mode": "input",
			"amount": 6000
		},
		{
			"mode": "input",
			"type": "custommachinery:item",
			"item": "#quintessence:scrappable/knightmetal_big",
			"amount": 1
		},
		{
			"mode": "output",
			"type": "custommachinery:item",
			"item": "kubejs:knightmetal_nugget",
			"amount": 18
		},
		{
			"mode": "output",
			"output_slot": "fluid_output",
			"type": "custommachinery:fluid",
			"fluid": "create_enchantment_industry:experience",
			"amount": 24
		}
	]
}