{
	"display": {
		"icon": {
			"item": "contenttweaker:sol_chip",
			"data": 0
		},
		"title": {
			"text": "Sol Credit Conversion"
		},
		"description": {
			"text": "I'm going to need to specialize my crafting areas, otherwise I can't do much. But first, something to craft them on (and with)."
		},
		"x": 1,
		"y": 4
	},
	"parent": "cyborg:crafting/basic",
	"idea": {
		"amount": 3,
		"ingredients": [
			"#redstone",
			"#electrotine",
			"minecraft:glowstone",
			"minecraft:glowstone_dust",
			"contenttweaker:sol_chip",
			"contenttweaker:damaged_chip",
			"contenttweaker:empty_chip",
			"contenttweaker:chip1",
			"contenttweaker:chip5",
			"contenttweaker:chip10",
			"contenttweaker:chip50",
			"contenttweaker:chip100",
			"contenttweaker:pulsaton_sliver",
			{
				"type": "forge:ore_dict",
				"ore": "dustIridium"
			},
			{
				"type": "forge:ore_dict",
				"ore": "dustMithril"
			},
			{
				"type": "forge:ore_dict",
				"ore": "dustPlatinum"
			},
			{
				"type": "forge:ore_dict",
				"ore": "dustLumium"
			},
			{
				"type": "forge:ore_dict",
				"ore": "dustSignalum"
			},
			{
				"type": "forge:ore_dict",
				"ore": "dustEnderium"
			},
			{
				"type": "forge:ore_dict",
				"ore": "dustPyrotheum"
			},
			{
				"type": "forge:ore_dict",
				"ore": "dustCryotheum"
			},
			{
				"type": "forge:ore_dict",
				"ore": "dustAerotheum"
			},
			{
				"type": "forge:ore_dict",
				"ore": "dustPetrotheum"
			},
			{
				"type": "forge:ore_dict",
				"ore": "artisansSolderer"
			}
		]
	},
	"research": {
		"type": "ftgumod:match",
		"pattern": [
			"CA ",
			"A  ",
			"   "
		],
		"key": {
			"C": {
				"item": [
					"contenttweaker:sol_chip",
					"contenttweaker:damaged_chip",
					"contenttweaker:empty_chip",
					"contenttweaker:chip1",
					"contenttweaker:chip5",
					"contenttweaker:chip10",
					"contenttweaker:chip50",
					"contenttweaker:chip100",
					{
						"item": "projectred-core:resource_item",
						"data": 20
					},
					{
						"item": "projectred-core:resource_item",
						"data": 21
					}
				],
				"hint": {
					"text": "Credit Chip"
				}
			},
			"A": {
				"item": [
					"#redstone",
					"#electrotine",
					"contenttweaker:pulsaton_sliver",
					{
						"type": "forge:ore_dict",
						"ore": "dustMithril"
					},
					{
						"type": "forge:ore_dict",
						"ore": "dustIridium"
					},
					{
						"type": "forge:ore_dict",
						"ore": "dustPlatinum"
					},
					{
						"type": "forge:ore_dict",
						"ore": "dustLumium"
					},
					{
						"type": "forge:ore_dict",
						"ore": "dustSignalum"
					},
					{
						"type": "forge:ore_dict",
						"ore": "dustEnderium"
					},
					{
						"type": "forge:ore_dict",
						"ore": "dustAerotheum"
					},
					{
						"type": "forge:ore_dict",
						"ore": "dustCryotheum"
					},
					{
						"type": "forge:ore_dict",
						"ore": "dustPyrotheum"
					},
					{
						"type": "forge:ore_dict",
						"ore": "dustPetrotheum"
					}
				],
				"hint": {
					"text": "Code Authenticator"
				},
				"decipher": {
					"decipher": {
						"block": "minecraft:redstone_ore",
						"data": 32767
					},
					"hint": "This could be valid for credit chip code authentication."
				}
			}
		}
	},
	"unlock": [
		"contenttweaker:sol_chip"
	]
}