{
	"display": {
		"icon": {
			"item": "artisanworktables:artisans_handsaw_diamond",
			"data": 0
		},
		"title": {
			"text": "Artisanal Tools"
		},
		"description": {
			"text": "I'll need a variety of tools to make most things. I should look into potential materials early on so I can make them ahead of time."
		},
		"x": -1,
		"y": 3
	},
	"parent": "cyborg:crafting/basic",
	"idea": {
		"amount": 3,
		"ingredients": [
			"#wood",
			"#stone",
			"#iron",
			"#steel",
			"#diamond",
			"#gemstones",
			"#prismarine",
			"#artisan",
			{
				"item": "bonecraft:bonesworditem",
				"data": 32767
			},
			{
				"item": "bonecraft:bonepickaxeitem",
				"data": 32767
			},
			{
				"item": "bonecraft:boneshovelitem",
				"data": 32767
			},
			{
				"item": "bonecraft:bonehoeitem",
				"data": 32767
			},
			{
				"item": "bonecraft:boneaxeitem",
				"data": 32767
			},
			{
				"type": "forge:ore_dict",
				"ore": "string"
			},
			{
				"type": "forge:ore_dict",
				"ore": "stickWood"
			},
			{
				"type": "forge:ore_dict",
				"ore": "artisansHammer"
			},
			{
				"type": "forge:ore_dict",
				"ore": "artisansCutters"
			}
		]
	},
	"research": {
		"type": "ftgumod:match",
		"pattern": [
			" MS",
			"MS ",
			"S  "
		],
		"key": {
			"M": {
				"item": [
					"#iron",
					"#gold",
					"#steel",
					"#invar",
					"#bronze",
					"#diamond",
					"#prismarine",
					"#artisan",
					"#wood",
					"#stone"
				],
				"hint": {
					"text": "Tool Material"
				},
				"decipher": {
					"decipher": {
						"block": "minecraft:iron_ore",
						"data": 32767
					},
					"hint": "Iron is known to make quality tools."
				}
			},
			"S": {
				"item": [
					"#brick",
					"#stone",
					"#wood",
					"openblocks:tasty_clay",
					{
						"item": "openmodularturrets:ammo_meta",
						"data": 0
					},
					{
						"type": "forge:ore_dict",
						"ore": "obsidianRod"
					},
					{
						"type": "forge:ore_dict",
						"ore": "blockGlass"
					},
					{
						"type": "forge:ore_dict",
						"ore": "string"
					}
				],
				"hint": {
					"text": "Tool Handle"
				},
				"decipher": {
					"decipher": {
						"block": "minecraft:stone",
						"data": 32767
					},
					"hint": "Stone would make a good handle."
				}
			}
		}
	},
	"unlock": [
		{
			"type": "forge:ore_dict",
			"ore": "artisansHandsaw"
		},
		{
			"type": "forge:ore_dict",
			"ore": "artisansCuttingBoard"
		},
		{
			"type": "forge:ore_dict",
			"ore": "artisansPan"
		},
		{
			"type": "forge:ore_dict",
			"ore": "artisansBeaker"
		},
		{
			"type": "forge:ore_dict",
			"ore": "artisansBurner"
		},
		{
			"type": "forge:ore_dict",
			"ore": "artisansSpanner"
		},
		{
			"type": "forge:ore_dict",
			"ore": "artisansSifter"
		},
		{
			"type": "forge:ore_dict",
			"ore": "artisansGemCutter"
		},
		{
			"type": "forge:ore_dict",
			"ore": "artisansPliers"
		},
		{
			"type": "forge:ore_dict",
			"ore": "artisansChisel"
		},
		{
			"type": "forge:ore_dict",
			"ore": "artisansKnife"
		},
		{
			"type": "forge:ore_dict",
			"ore": "artisansFile"
		},
		{
			"type": "forge:ore_dict",
			"ore": "artisansSolderer"
		}
	]
}