{
	"display": {
		"icon": {
			"item": "storagedrawers:basicdrawers",
			"data": 0,
			"nbt": "{material: \"oak\"}"
		},
		"title": {
			"text": "Compact Storage"
		},
		"description": {
			"text": "If I could compress chests into some type of filing cabinet or drawer, I could greatly increase the efficiency of my storage room."
		},
		"x": 4,
		"y": 0
	},
	"parent": "fgts:basics/storage",
	"idea": {
		"amount": 2,
		"ingredients": [
			"#wood",
			{
				"type": "forge:ore_dict",
				"ore": "chestWood"
			},
			{
				"type": "forge:ore_dict",
				"ore": "chestStone"
			}
		]
	},
	"unlock": [
			"storagedrawers:upgrade_template",
			{
				"item": "storagedrawers:basicdrawers",
				"data": 0,
				"type": "minecraft:item_nbt" ,
				"nbt": {material: "oak"}
			},
			{
				"item": "storagedrawers:basicdrawers",
				"data": 0,
				"type": "minecraft:item_nbt" ,
				"nbt": {material: "spruce"}
			},
			{
				"item": "storagedrawers:basicdrawers",
				"data": 0,
				"type": "minecraft:item_nbt" ,
				"nbt": {material: "birch"}
			},
			{
				"item": "storagedrawers:basicdrawers",
				"data": 0,
				"type": "minecraft:item_nbt" ,
				"nbt": {material: "jungle"}
			},
			{
				"item": "storagedrawers:basicdrawers",
				"data": 0,
				"type": "minecraft:item_nbt" ,
				"nbt": {material: "acacia"}
			},
			{
				"item": "storagedrawers:basicdrawers",
				"data": 0,
				"type": "minecraft:item_nbt" ,
				"nbt": {material: "dark_oak"}
			},
			{
				"item": "storagedrawersextra:extra_drawers",
				"data": 0
			},
			{
				"type": "forge:ore_dict",
				"ore": "drawerTrim"
			}
	]
}