{
	"display": {
		"icon": {
			"item": "storagedrawers:basicdrawers",
			"data": 2,
			"nbt": "{material: \"oak\"}"
		},
		"title": {
			"text": "Compact Storage III"
		},
		"description": {
			"text": "I should be able to spit drawers in quarters, which would allow me to store multiple items in a single drawer. I doubt it would expand the avaliable space though."
		},
		"x": 6,
		"y": 1
	},
	"parent": "fgts:basics/compact_storage",
	"idea": {
		"amount": 3,
		"ingredients": [
			"#wood",
			{
				"type": "forge:ore_dict",
				"ore": "drawer1"
			},
			{
				"type": "forge:ore_dict",
				"ore": "drawer2"
			},
			{
				"type": "forge:ore_dict",
				"ore": "chestWood"
			},
			{
				"type": "forge:ore_dict",
				"ore": "chestStone"
			}
		]
	},
	"unlock": [
			{
				"item": "storagedrawers:basicdrawers",
				"data": 2,
				"type": "minecraft:item_nbt" ,
				"nbt": {material: "oak"}
			},
			{
				"item": "storagedrawers:basicdrawers",
				"data": 2,
				"type": "minecraft:item_nbt" ,
				"nbt": {material: "spruce"}
			},
			{
				"item": "storagedrawers:basicdrawers",
				"data": 2,
				"type": "minecraft:item_nbt" ,
				"nbt": {material: "birch"}
			},
			{
				"item": "storagedrawers:basicdrawers",
				"data": 2,
				"type": "minecraft:item_nbt" ,
				"nbt": {material: "jungle"}
			},
			{
				"item": "storagedrawers:basicdrawers",
				"data": 2,
				"type": "minecraft:item_nbt" ,
				"nbt": {material: "acacia"}
			},
			{
				"item": "storagedrawers:basicdrawers",
				"data": 2,
				"type": "minecraft:item_nbt" ,
				"nbt": {material: "dark_oak"}
			},
			{
				"item": "storagedrawersextra:extra_drawers",
				"data": 2
			}
	]
}