{
	"display": {
		"icon": {
			"item": "storagedrawers:framingtable",
			"data": 0
		},
		"title": {
			"text": "Custom Storage"
		},
		"description": {
			"text": "If I could compress chests into some type of filing cabinet or drawer, I could greatly increase the efficiency of my storage room."
		},
		"x": 3,
		"y": 2
	},
	"parent": "fgts:basics/compact_storage",
	"idea": {
		"amount": 3,
		"ingredients": [
			"#wood",
			{
				"type": "forge:ore_dict",
				"ore": "drawer1"
			},
			{
				"type": "forge:ore_dict",
				"ore": "drawer2"
			},
			{
				"type": "forge:ore_dict",
				"ore": "drawer4"
			},
			{
				"type": "forge:ore_dict",
				"ore": "chestWood"
			},
			{
				"type": "forge:ore_dict",
				"ore": "chestStone"
			}
		]
	},
	"unlock": [
			"storagedrawers:framingtable",
			"storagedrawers:customtrim",
			{
				"item": "storagedrawers:customdrawers",
				"data": 0
			},
			{
				"item": "storagedrawers:customdrawers",
				"data": 1
			},
			{
				"item": "storagedrawers:customdrawers",
				"data": 2
			},
			{
				"item": "storagedrawers:customdrawers",
				"data": 3
			},
			{
				"item": "storagedrawers:customdrawers",
				"data": 4
			}
	]
}