{
	"display": {
		"icon": {
			"item": "minecraft:golden_pickaxe",
			"data": 0
		},
		"title": {
			"text": "Fancy Hardware"
		},
		"description": {
			"text": "Gold isn't very durable nor strong, but it is quite special."
		},
		"x": -3,
		"y": 1
	},
	"parent": "fgts:basics/hardware",
	"idea": {
		"amount": 2,
		"ingredients": [
			"#hot",
			"#fuel",
			{
				"type": "forge:ore_dict",
				"ore": "oreGold"
			},
			{
				"type": "forge:ore_dict",
				"ore": "blockGold"
			},
			{
				"type": "forge:ore_dict",
				"ore": "ingotGold"
			},
			{
				"type": "forge:ore_dict",
				"ore": "nuggetGold"
			},
			{
				"type": "forge:ore_dict",
				"ore": "dustGold"
			}
		]
	},
	"research": {
		"type": "ftgumod:match",
		"pattern": [
			"GGG",
			"GSG",
			" S "
		],
		"key": {
			"S": {
				"item": [
					"forestry:oak_stick",
					{
						"type": "forge:ore_dict",
						"ore": "stickWood"
					},
					{
						"type": "forge:ore_dict",
						"ore": "rodStone"
					}
				],
				"hint": {
					"text": "Sturdy Handle"
				},
				"decipher": {
					"decipher": {
						"block": "minecraft:stone",
						"data": 0
					},
					"hint": "This could work if I forged it into rods..."
				}
			},
			"G": {
				"item": [
					{
						"type": "forge:ore_dict",
						"ore": "oreGold"
					},
					{
						"type": "forge:ore_dict",
						"ore": "blockGold"
					},
					{
						"type": "forge:ore_dict",
						"ore": "ingotGold"
					},
					{
						"type": "forge:ore_dict",
						"ore": "nuggetGold"
					}
				],
				"hint": {
					"text": "Soft Head"
				},
				"decipher": {
					"decipher": {
						"block": "minecraft:gold_ore",
						"data": 0
					},
					"hint": "This is quite fancy. I could gild many things with this, if it was refined properly."
				}
			}
		}
	},
	"unlock": [
		"minecraft:gold_block",
		"minecraft:gold_ingot",
		"minecraft:gold_nugget",
		"minecraft:golden_helmet",
		"minecraft:golden_chestplate",
		"minecraft:golden_leggings",
		"minecraft:golden_boots",
		"minecraft:golden_sword",
		"minecraft:golden_pickaxe",
		"minecraft:golden_shovel",
		"minecraft:golden_hoe",
		"minecraft:golden_axe",
		"minecraft:golden_apple",
		"minecraft:golden_carrot",
		"extrautils2:spike_gold",
		"extrautils2:sickle_gold",
		"extrautils2:goldenlasso"
	]
}