{
	"display": {
		"icon": {
			"item": "minecraft:diamond_pickaxe",
			"data": 0
		},
		"title": {
			"text": "Gem-Encrusted Hardware"
		},
		"description": {
			"text": "These gems I've encountered seem exceptionally strong. If I could figure out how to apply that strength, I could forge high-quality tools."
		},
		"x": -4,
		"y": 2
	},
	"parent": "fgts:basics/hardware",
	"idea": {
		"amount": 2,
		"ingredients": [
			"minecraft:diamond_hoe",
			{
				"type": "forge:ore_dict",
				"ore": "oreDiamond"
			},
			{
				"type": "forge:ore_dict",
				"ore": "blockDiamond"
			},
			{
				"type": "forge:ore_dict",
				"ore": "gemDiamond"
			},
			{
				"type": "forge:ore_dict",
				"ore": "nuggetDiamond"
			},
			{
				"type": "forge:ore_dict",
				"ore": "oreEmerald"
			},
			{
				"type": "forge:ore_dict",
				"ore": "blockEmerald"
			},
			{
				"type": "forge:ore_dict",
				"ore": "gemEmerald"
			},
			{
				"type": "forge:ore_dict",
				"ore": "nuggetEmerald"
			}
		]
	},
	"research": {
		"type": "ftgumod:match",
		"pattern": [
			"DDD",
			" S ",
			" S "
		],
		"key": {
			"S": {
				"item": [
					"forestry:oak_stick",
					{
						"type": "forge:ore_dict",
						"ore": "stickWood"
					},
					{
						"type": "forge:ore_dict",
						"ore": "rodStone"
					},
					{
						"type": "forge:ore_dict",
						"ore": "obsidianRod"
					}
				],
				"hint": {
					"text": "Sturdy Handle"
				},
				"decipher": {
					"decipher": {
						"block": "minecraft:stone",
						"data": 32767
					},
					"hint": "This could work if I forged it into rods..."
				}
			},
			"D": {
				"item": [
					{
						"type": "forge:ore_dict",
						"ore": "obsidian"
					},
					{
						"type": "forge:ore_dict",
						"ore": "oreDiamond"
					},
					{
						"type": "forge:ore_dict",
						"ore": "blockDiamond"
					},
					{
						"type": "forge:ore_dict",
						"ore": "ingotDiamond"
					},
					{
						"type": "forge:ore_dict",
						"ore": "nuggetDiamond"
					}
				],
				"hint": {
					"text": "Exceptionally Durable Head"
				},
				"decipher": {
					"decipher": {
						"block": "minecraft:diamond_ore",
						"data": 32767
					},
					"hint": "This would make for some exceptional tools."
				}
			}
		}
	},
	"unlock": [
		"minecraft:diamond_helmet",
		"minecraft:diamond_chestplate",
		"minecraft:diamond_leggings",
		"minecraft:diamond_boots",
		"minecraft:diamond_sword",
		"minecraft:diamond_pickaxe",
		"minecraft:diamond_shovel",
		"minecraft:diamond_hoe",
		"minecraft:diamond_axe",
		"minecraft:diamond_block",
		"minecraft:diamond",
		{
			"item": "thermalfoundation:material",
			"data": 16
		}
	]
}