{
	"display": {
		"icon": {
			"item": "minecraft:iron_pickaxe",
			"data": 0
		},
		"title": {
			"text": "Hardware"
		},
		"description": {
			"text": "I've found a sturdy material, but it requires further refinment before I can use it."
		},
		"x": -2,
		"y": 2
	},
	"parent": "fgts:basics/furnace",
	"idea": {
		"amount": 3,
		"ingredients": [
			"#hot",
			"#fuel",
			"minecraft:iron_bars",
			"minecraft:iron_helmet",
			"minecraft:iron_chestplate",
			"minecraft:iron_leggings",
			"minecraft:iron_boots",
			"minecraft:iron_sword",
			"minecraft:iron_pickaxe",
			"minecraft:iron_shovel",
			"minecraft:iron_hoe",
			"minecraft:iron_axe",
			{
				"type": "forge:ore_dict",
				"ore": "oreIron"
			},
			{
				"type": "forge:ore_dict",
				"ore": "blockIron"
			},
			{
				"type": "forge:ore_dict",
				"ore": "ingotIron"
			},
			{
				"type": "forge:ore_dict",
				"ore": "nuggetIron"
			}
		]
	},
	"research": {
		"type": "ftgumod:match",
		"pattern": [
			"III",
			" S ",
			" S "
		],
		"key": {
			"S": {
				"item": [
					"forestry:oak_stick",
					{
						"type": "forge:ore_dict",
						"ore": "stickWood"
					},
					{
						"type": "forge:ore_dict",
						"ore": "rodStone"
					}
				],
				"hint": {
					"text": "Sturdy Handle"
				},
				"decipher": {
					"decipher": {
						"block": "minecraft:stone",
						"data": 32767
					},
					"hint": "This could work if I forged it into rods..."
				}
			},
			"I": {
				"item": [
					{
						"type": "forge:ore_dict",
						"ore": "oreIron"
					},
					{
						"type": "forge:ore_dict",
						"ore": "blockIron"
					},
					{
						"type": "forge:ore_dict",
						"ore": "ingotIron"
					},
					{
						"type": "forge:ore_dict",
						"ore": "nuggetIron"
					}
				],
				"hint": {
					"text": "Strong Head"
				},
				"decipher": {
					"decipher": {
						"block": "minecraft:iron_ore",
						"data": 32767
					},
					"hint": "This is quite tough. I'm sure it will make some ideal tools if refined properly."
				}
			}
		}
	},
	"unlock": [
		"minecraft:iron_helmet",
		"minecraft:iron_chestplate",
		"minecraft:iron_leggings",
		"minecraft:iron_boots",
		"minecraft:iron_sword",
		"minecraft:iron_pickaxe",
		"minecraft:iron_shovel",
		"minecraft:iron_hoe",
		"minecraft:iron_axe",
		"minecraft:iron_block",
		"minecraft:iron_ingot",
		"minecraft:iron_nugget",
		"minecraft:iron_bars",
		"minecraft:iron_door",
		"minecraft:iron_trapdoor"
	]
}