{
	"display": {
		"icon": {
			"item": "minecraft:obsidian",
			"data": 0
		},
		"title": {
			"text": "Volcanic Materials"
		},
		"description": {
			"text": "This \"obsidian\" has some unique properties. I wonder what applications it could have?"
		},
		"x": -4,
		"y": 0
	},
	"parent": "fgts:basics/gemware",
	"idea": {
		"amount": 3,
		"ingredients": [
			"minecraft:diamond_pickaxe",
			{
				"type": "forge:ore_dict",
				"ore": "oreDiamond"
			},
			{
				"type": "forge:ore_dict",
				"ore": "blockDiamond"
			},
			{
				"type": "forge:ore_dict",
				"ore": "gemDiamond"
			},
			{
				"type": "forge:ore_dict",
				"ore": "nuggetDiamond"
			},
			{
				"type": "forge:ore_dict",
				"ore": "oreEmerald"
			},
			{
				"type": "forge:ore_dict",
				"ore": "blockEmerald"
			},
			{
				"type": "forge:ore_dict",
				"ore": "gemEmerald"
			},
			{
				"type": "forge:ore_dict",
				"ore": "nuggetEmerald"
			},
			{
				"type": "forge:ore_dict",
				"ore": "obsidian"
			},
			{
				"type": "forge:ore_dict",
				"ore": "dustObsidian"
			},
			{
				"type": "forge:ore_dict",
				"ore": "obsidianRod"
			}
		]
	},
	"research": {
		"type": "ftgumod:match",
		"pattern": [
			"BBB",
			"BBB",
			"BBB"
		],
		"key": {
			"B": {
				"item": [
					"#hot",
					"forestry:crated.obsidian",
					"stonechest:part_andesite",
					"stonechest:chest_andesite",
					"forestry:crated.stoneandesite",
					"ironfurnaces:obsidian_furnace_idle",
					{
						"item": "forestry:thermionic_tubes",
						"data": 6
					},
					{
						"type": "forge:ore_dict",
						"ore": "stoneAndesite"
					},
					{
						"type": "forge:ore_dict",
						"ore": "stoneBasalt"
					},
					{
						"type": "forge:ore_dict",
						"ore": "obsidian"
					},
					{
						"type": "forge:ore_dict",
						"ore": "dustObsidian"
					},
					{
						"type": "forge:ore_dict",
						"ore": "obsidianRod"
					}
				],
				"hint": {
					"text": "Volcanic Materials"
				},
				"decipher": {
					"decipher": {
						"block": "minecraft:obsidian",
						"data": 32767
					},
					"hint": "This has clearly been formed under intense volcanic pressure. It could have a variety of applications."
				}
			}
		}
	},
	"unlock": [
		"minecraft:obsidian"
	]
}