{
	"display": {
		"icon": {
			"item": "minecraft:stone_pickaxe",
			"data": 0
		},
		"title": {
			"text": "Sharper Tools"
		},
		"description": {
			"text": "It seems these rocks I've walked upon are durable enough to fashion tools from. I should look into this further."
		},
		"x": -2,
		"y": 0
	},
	"parent": "fgts:basics/basic",
	"idea": {
		"amount": 1,
		"ingredients": [
			"#stone",
			"#cobblestone",
			{
				"type": "forge:ore_dict",
				"ore": "stickWood"
			},
			{
				"type": "forge:ore_dict",
				"ore": "rodStone"
			}
		]
	},
	"unlock": [
		"minecraft:stone_sword",
		"minecraft:stone_pickaxe",
		"minecraft:stone_shovel",
		"minecraft:stone_hoe",
		"minecraft:stone_axe"
	]
}