{
	"display": {
		"icon": {
			"item": "storagedrawers:upgrade_template",
			"data": 0
		},
		"title": {
			"text": "Storage Upgrades I"
		},
		"description": {
			"text": "If I could compress chests into some type of filing cabinet or drawer, I could greatly increase the efficiency of my storage room."
		},
		"x": 4,
		"y": -2
	},
	"parent": "fgts:basics/compact_storage",
	"idea": {
		"amount": 2,
		"ingredients": [
			"#wood",
			"minecraft:flint",
			"storagedrawers:upgrade_template",
			{
				"type": "forge:ore_dict",
				"ore": "ingotIron"
			},
			{
				"type": "forge:ore_dict",
				"ore": "ingotGold"
			},
			{
				"type": "forge:ore_dict",
				"ore": "gemDiamond"
			},
			{
				"type": "forge:ore_dict",
				"ore": "gemEmerald"
			},
			{
				"type": "forge:ore_dict",
				"ore": "blockObsidian"
			},
			{
				"type": "forge:ore_dict",
				"ore": "drawerBasic"
			},
			{
				"type": "forge:ore_dict",
				"ore": "stickWood"
			}
		]
	},
	"research": {
		"type": "ftgumod:match",
		"pattern": [
			"SSS",
			"EUE",
			"SSS"
		],
		"key": {
			"U": {
				"item": [
					"storagedrawers:upgrade_template",
					{
						"item": "storagedrawers:upgrade_storage",
						"data": 0
					},
					{
						"item": "storagedrawers:upgrade_storage",
						"data": 1
					},
					{
						"item": "storagedrawers:upgrade_storage",
						"data": 2
					},
					{
						"item": "storagedrawers:upgrade_storage",
						"data": 3
					},
					{
						"item": "storagedrawers:upgrade_storage",
						"data": 4
					},
					{
						"item": "extrautils2:ingredients",
						"data": 9
					}
				],
				"hint": {
					"text": "Upgrade Base"
				}
			},
			"S": {
				"item": [
					"#wood",
					{
						"type": "forge:ore_dict",
						"ore": "dustWood"
					},
					{
						"type": "forge:ore_dict",
						"ore": "stickWood"
					}
				],
				"hint": {
					"text": "Wooden Supports"
				}
			},
			"E": {
				"item": [
					"minecraft:flint",
					{
						"type": "forge:ore_dict",
						"ore": "oreIron"
					},
					{
						"type": "forge:ore_dict",
						"ore": "blockIron"
					},
					{
						"type": "forge:ore_dict",
						"ore": "ingotIron"
					},
					{
						"type": "forge:ore_dict",
						"ore": "nuggetIron"
					},
					{
						"type": "forge:ore_dict",
						"ore": "oreGold"
					},
					{
						"type": "forge:ore_dict",
						"ore": "blockGold"
					},
					{
						"type": "forge:ore_dict",
						"ore": "ingotGold"
					},
					{
						"type": "forge:ore_dict",
						"ore": "nuggetGold"
					},
					{
						"type": "forge:ore_dict",
						"ore": "oreDiamond"
					},
					{
						"type": "forge:ore_dict",
						"ore": "blockDiamond"
					},
					{
						"type": "forge:ore_dict",
						"ore": "gemDiamond"
					},
					{
						"type": "forge:ore_dict",
						"ore": "nuggetDiamond"
					},
					{
						"type": "forge:ore_dict",
						"ore": "oreEmerald"
					},
					{
						"type": "forge:ore_dict",
						"ore": "blockEmerald"
					},
					{
						"type": "forge:ore_dict",
						"ore": "gemEmerald"
					},
					{
						"type": "forge:ore_dict",
						"ore": "nuggetEmerald"
					},
					{
						"type": "forge:ore_dict",
						"ore": "obsidian"
					}
				],
				"hint": {
					"text": "Space Improver"
				}
			}
		}
	},
	"unlock": [
			{
				"item": "storagedrawers:upgrade_storage",
				"data": 0
			},
			{
				"item": "storagedrawers:upgrade_storage",
				"data": 1
			},
			{
				"item": "storagedrawers:upgrade_storage",
				"data": 2
			},
			{
				"item": "storagedrawers:upgrade_storage",
				"data": 3
			},
			{
				"item": "storagedrawers:upgrade_storage",
				"data": 4
			},
			"storagedrawers:upgrade_one_stack"
	]
}