{
	"display": {
		"icon": {
			"item": "storagedrawers:upgrade_status",
			"data": 0
		},
		"title": {
			"text": "Storage Upgrades II"
		},
		"description": {
			"text": "Redstone can be used to control a variety of systems. I could adapt this to my drawers in order to enable automation of them."
		},
		"x": 6,
		"y": -2
	},
	"parent": "fgts:basics/storage_upgrades",
	"idea": {
		"amount": 2,
		"ingredients": [
			"#wood",
			"#redstone",
			"storagedrawers:upgrade_template",
			"storagedrawers:upgrade_one_stack",
			{
				"item": "storagedrawers:upgrade_storage",
				"data": 0
			},
			{
				"item": "storagedrawers:upgrade_storage",
				"data": 1
			},
			{
				"item": "storagedrawers:upgrade_storage",
				"data": 2
			},
			{
				"item": "storagedrawers:upgrade_storage",
				"data": 3
			},
			{
				"item": "storagedrawers:upgrade_storage",
				"data": 4
			},
			{
				"type": "forge:ore_dict",
				"ore": "drawerBasic"
			},
			{
				"type": "forge:ore_dict",
				"ore": "stickWood"
			}
		]
	},
	"research": {
		"type": "ftgumod:match",
		"pattern": [
			"RSR",
			"SUS",
			"RSR"
		],
		"key": {
			"U": {
				"item": [
					"storagedrawers:upgrade_template",
					{
						"item": "storagedrawers:upgrade_storage",
						"data": 0
					},
					{
						"item": "storagedrawers:upgrade_storage",
						"data": 1
					},
					{
						"item": "storagedrawers:upgrade_storage",
						"data": 2
					},
					{
						"item": "storagedrawers:upgrade_storage",
						"data": 3
					},
					{
						"item": "storagedrawers:upgrade_storage",
						"data": 4
					},
					{
						"item": "extrautils2:ingredients",
						"data": 9
					}
				],
				"hint": {
					"text": "Upgrade Base"
				}
			},
			"S": {
				"item": [
					"#wood",
					{
						"type": "forge:ore_dict",
						"ore": "dustWood"
					},
					{
						"type": "forge:ore_dict",
						"ore": "stickWood"
					}
				],
				"hint": {
					"text": "Wooden Supports"
				}
			},
			"R": {
				"item": [
					"#redstone"
				],
				"hint": {
					"text": "Electrical Conductor"
				}
			}
		}
	},
	"unlock": [
			{
				"item": "storagedrawers:upgrade_status",
				"data": 0
			},
			{
				"item": "storagedrawers:upgrade_status",
				"data": 1
			},
			{
				"item": "storagedrawers:upgrade_redstone",
				"data": 0
			},
			{
				"item": "storagedrawers:upgrade_redstone",
				"data": 1
			},
			{
				"item": "storagedrawers:upgrade_redstone",
				"data": 2
			}
	]
}