{
	"display": {
		"icon": {
			"item": "storagedrawers:controller",
			"data": 0
		},
		"title": {
			"text": "Storage Management"
		},
		"description": {
			"text": "Managing my drawers has been increasingly difficult. Perhaps I could automate the process?"
		},
		"x": 6,
		"y": 2
	},
	"parent": "fgts:basics/compact_storage",
	"idea": {
		"amount": 3,
		"ingredients": [
			"#wood",
			{
				"type": "forge:ore_dict",
				"ore": "drawer1"
			},
			{
				"type": "forge:ore_dict",
				"ore": "drawer2"
			},
			{
				"type": "forge:ore_dict",
				"ore": "drawer4"
			},
			{
				"type": "forge:ore_dict",
				"ore": "chestWood"
			},
			{
				"type": "forge:ore_dict",
				"ore": "chestStone"
			}
		]
	},
	"research": {
		"type": "ftgumod:match",
		"pattern": [
			"SSS",
			"SDS",
			"SVS"
		],
		"key": {
			"D": {
				"item": [
					{
						"type": "forge:ore_dict",
						"ore": "drawerBasic"
					}
				],
				"hint": {
					"text": "Drawer"
				}
			},
			"V": {
				"item": [
					{
						"type": "forge:ore_dict",
						"ore": "gemEmerald"
					},
					{
						"type": "forge:ore_dict",
						"ore": "gemDiamond"
					},
					{
						"type": "forge:ore_dict",
						"ore": "ingotGold"
					},
					{
						"type": "forge:ore_dict",
						"ore": "ingotIron"
					}
				],
				"hint": {
					"text": "Valuables"
				}
			},
			"S": {
				"item": [
					"#stone",
					"#fancystone",
					"#cobblestone"
				],
				"hint": {
					"text": "Stone Supports"
				}
			}
		}
	},
	"unlock": [
			"storagedrawers:controller",
			"storagedrawers:controllerslave",
			{
				"item": "storagedrawers:keybutton",
				"data": 0
			},
			{
				"item": "storagedrawers:keybutton",
				"data": 1
			},
			{
				"item": "storagedrawers:keybutton",
				"data": 2
			},
			{
				"item": "storagedrawers:keybutton",
				"data": 3
			},
			"storagedrawers:drawer_key",
			"storagedrawers:shroud_key",
			"storagedrawers:personal_key",
			"storagedrawers:quantify_key",
			"storagedrawers:tape"
	]
}