{
	"display": {
		"icon": {
			"item": "minecraft:chest",
			"data": 0
		},
		"title": {
			"text": "Basic Storage"
		},
		"description": {
			"text": "I must investigate some ways to store the various items I've found."
		},
		"x": 2,
		"y": 0
	},
	"parent": "fgts:basics/basic",
	"idea": {
		"amount": 1,
		"ingredients": [
			"#wood",
			{
				"type": "forge:ore_dict",
				"ore": "chest"
			}
		]
	},
	"unlock": [
		"minecraft:chest",
		"minecraft:trapped_chest"
	]
}