{
	"ticks": 600,
	"structureId": "machines:combiner",
	"inputs": [
	{
	"type": "mm:input/consume",
		"ingredient": {
			"type": "mm:energy",
			"amount": 4000
		}
	},
	{
	"type": "mm:input/consume",
		"ingredient": {
			"type": "mm:item",
			"item": "alexscaves:rusty_barrel",
			"count": 1
		}
	},
	{
	"type": "mm:input/consume",
		"ingredient": {
			"type": "mm:item",
			"tag": "revolution:cleaning_agent",
			"count": 3
		}
	}
	],
	"outputs": [
	{
	"type": "mm:output/simple",
		"ingredient": {
			"type": "mm:item",
			"item": "alexscaves:metal_barrel",
			"count": 1
		}
	}
  ]
}