{
	"ticks": 200,
	"structureId": "machines:combiner",
	"inputs": [
	{
	"type": "mm:input/consume",
		"ingredient": {
			"type": "mm:energy",
			"amount": 1600
		}
	},
	{
	"type": "mm:input/consume",
		"ingredient": {
			"type": "mm:item",
			"item": "minecraft:netherite_scrap",
			"count": 4
	  }
	},
	{
	"type": "mm:input/consume",
		"ingredient": {
			"type": "mm:item",
			"item": "minecraft:gold_ingot",
			"count": 4
	  }
	},
	{
	"type": "mm:input/consume",
		"ingredient": {
			"type": "mm:item",
			"item": "alexscaves:ferrouslime_ball",
			"count": 1
	  }
	}
	],
	"outputs": [
	{
	"type": "mm:output/simple",
		"ingredient": {
			"type": "mm:item",
			"item": "minecraft:netherite_ingot",
			"count": 2
		}
	},
	{
	"type": "mm:output/simple",
	"chance": 0.5,
		"ingredient": {
			"type": "mm:item",
			"item": "minecraft:netherite_ingot",
			"count": 1
		}
	}
  ]
}