{
	"ticks": 100,
	"structureId": "machines:combiner",
	"inputs": [
	{
	"type": "mm:input/consume",
		"ingredient": {
			"type": "mm:item",
			"item": "xycraft_machines:incomplete_processor",
			"count": 1
	  }
	},
	{
	"type": "mm:input/consume",
		"ingredient": {
			"type": "mm:item",
			"item": "minecraft:gold_ingot",
			"count": 1
	  }
	}
	],
	"outputs": [
	{
	"type": "mm:output/simple",
		"ingredient": {
			"type": "mm:item",
			"item": "ae2:logic_processor",
			"count": 1
		}
	},
	{
	"type": "mm:output/simple",
	"chance": 0.5,
		"ingredient": {
			"type": "mm:item",
			"item": "ae2:logic_processor",
			"count": 1
		}
	}
  ]
}