{
	"ticks": 300,
	"structureId": "machines:combiner",
	"inputs": [
	{
	"type": "mm:input/consume",
		"ingredient": {
			"type": "mm:energy",
			"amount": 9600
		}
	},
	{
	"type": "mm:input/consume",
		"ingredient": {
			"type": "mm:item",
			"tag": "revolution:limestone",
			"count": 2
	  }
	},
	{
	"type": "mm:input/consume",
		"ingredient": {
			"type": "mm:item",
			"item": "kubejs:quicklime",
			"count": 8
	  }
	},
	{
	"type": "mm:input/consume",
		"ingredient": {
			"type": "mm:item",
			"item": "minecraft:iron_ingot",
			"count": 1
	  }
	}
	],
	"outputs": [
	{
	"type": "mm:output/simple",
	"chance": 0.15,
		"ingredient": {
			"type": "mm:item",
			"item": "thermal:steel_ingot",
			"count": 1
		}
	}
  ]
}