{
	"ticks": 300,
	"structureId": "machines:combiner",
	"inputs": [
	{
	"type": "mm:input/consume",
		"ingredient": {
			"type": "mm:item",
			"tag": "revolution:coal_blocks",
			"count": 1
	  }
	},
	{
	"type": "mm:input/consume",
		"ingredient": {
			"type": "mm:item",
			"item": "minecraft:iron_ingot",
			"count": 1
	  }
	}
	],
	"outputs": [
	{
	"type": "mm:output/simple",
	"chance": 0.5,
		"ingredient": {
			"type": "mm:item",
			"item": "mffs:steel_compound",
			"count": 1
		}
	}
  ]
}