{
  "conditions": [
	{
		"type": "forge:mod_loaded",
		"modid": "quark"
	}
  ],
  "replace": false,
  "values": [
	"quark:framed_glass",
	"quark:white_framed_glass",
	"quark:orange_framed_glass",
	"quark:magenta_framed_glass",
	"quark:light_blue_framed_glass",
	"quark:yellow_framed_glass",
	"quark:lime_framed_glass",
	"quark:pink_framed_glass",
	"quark:gray_framed_glass",
	"quark:light_gray_framed_glass",
	"quark:cyan_framed_glass",
	"quark:purple_framed_glass",
	"quark:blue_framed_glass",
	"quark:brown_framed_glass",
	"quark:green_framed_glass",
	"quark:red_framed_glass",
	"quark:black_framed_glass"
  ]
}