{
	"conditions": [
		{
			"type": "forge:mod_loaded",
			"modid": "bygonenether"
		}
	],
    "type": "bygonenether:corpor",
    "name": "entity.bygonenether.corpor",
    "name_color": "#1E1E1E",
    "gui_scale": 0.85,
    "gui_x_offset": 0,
    "gui_y_offset": 0,
    "gui_z_offset": 0,
    "sim_cost": 832,
    "input": {
        "item": "hostilenetworks:empty_prediction"
    },
    "base_drop": {
        "item": "hostilenetworks:nether_prediction"
    },
    "trivia": "custom.trivia.corpor",
    "fabricator_drops": [
        {
            "item": "minecraft:bone",
            "count": 32
        },
        {
            "item": "minecraft:coal",
            "count": 40
        },
        {
            "item": "minecraft:wither_skeleton_skull",
            "count": 4
        },
		{
			"optional": true,
			"item": "iceandfire:witherbone",
			"count": 12
		},
		{
			"optional": true,
			"item": "reliquary:withered_rib",
			"count": 4
		},
		{
			"optional": true,
			"item": "wstweaks:fragment",
			"count": 40
		}
    ]
}