{
	"display": {
		"icon": {
				"item": "openmodularturrets:turret_base"
		},
		"title": {
			"text": "Automated Defenses"
		},
		"description": {
			"text": "I'll need to be able to construct some defensive structures to ward off the plague's victims. But what to use....?"
		},
		"x": -2,
		"y": 0
	},
	"parent": "cyborg:technology/technology",
	"idea": {
		"amount": 3,
		"ingredients": [
			"#tech",
			"#wood",
			"#iron",
			"#gold",
			"#diamond",
			"#bronze",
			"#invar",
			"#steel",
			"#quartz",
			"#redstone",
			"#electrotine",
			"#terracotta",
			"#brick",
			"minecraft:tnt",
			"minecraft:fire_charge",
			"minecraft:gunpowder",
			"minecraft:ender_pearl",
			"minecraft:blaze_rod",
			"minecraft:blaze_powder",
			"minecraft:clay",
			"minecraft:clay_ball",
			"minecraft:iron_bars",
			"contenttweaker:pulsaton_sliver",
			"nhc:energypearl",
			"openblocks:tasty_clay",
			{
				"item": "minecraft:stone_slab",
				"data": 0
			},
			{
				"item": "minecraft:stone_slab",
				"data": 3
			},
			{
				"item": "minecraft:stone_slab",
				"data": 5
			},
			{
				"item": "thermalexpansion:capacitor",
				"data": 32767
			},
			{
				"type": "forge:ore_dict",
				"ore": "obsidian"
			},
			{
				"type": "forge:ore_dict",
				"ore": "stone"
			},
			{
				"type": "forge:ore_dict",
				"ore": "cobblestone"
			},
			{
				"item": "minecraft:concrete",
				"data": 32767
			},
			{
				"item": "minecraft:concrete_powder",
				"data": 32767
			},
			{
				"type": "forge:ore_dict",
				"ore": "artisansPliers"
			},
			{
				"type": "forge:ore_dict",
				"ore": "artisansHammer"
			},
			{
				"type": "forge:ore_dict",
				"ore": "artisansCutters"
			},
			{
				"type": "forge:ore_dict",
				"ore": "artisansSpanner"
			},
			{
				"type": "forge:ore_dict",
				"ore": "artisansSolderer"
			},
			{
				"type": "ftgumod:fluid",
				"fluid": "pyrotheum"
			},
			{
				"type": "ftgumod:fluid",
				"fluid": "lava"
			}
		]
	},
	"research": {
		"type": "ftgumod:match",
		"pattern": [
			"SSS",
			"SPS",
			"SLS"
		],
		"key": {
			"S": {
				"item": [
					"#iron",
					"#steel",
					"#bronze",
					{
					"type": "forge:ore_dict",
					"ore": "blockInvar"
					},
					{
					"type": "forge:ore_dict",
					"ore": "ingotInvar"
					},
					{
					"type": "forge:ore_dict",
					"ore": "blockLead"
					},
					{
					"type": "forge:ore_dict",
					"ore": "ingotLead"
					},
					{
					"type": "forge:ore_dict",
					"ore": "blockPlatinum"
					},
					{
					"type": "forge:ore_dict",
					"ore": "ingotPlatinum"
					},
					{
					"type": "forge:ore_dict",
					"ore": "blockIridium"
					},
					{
					"type": "forge:ore_dict",
					"ore": "ingotIridium"
					},
					{
					"type": "forge:ore_dict",
					"ore": "blockMithril"
					},
					{
					"type": "forge:ore_dict",
					"ore": "ingotMithril"
					}
				],
				"hint": {
					"text": "Strong Shell"
				},
				"decipher": {
					"decipher": {
						"block": "minecraft:iron_block",
						"data": 32767
					},
					"hint": "Iron would be a great basis for turrets."
				}
			},
			"P": {
				"item": [
					"#redstone",
					"#electrotine",
					"contenttweaker:pulsaton_sliver",
					{
					"item": "thermalexpansion:cell",
					"data": 32767
					},
					{
					"item": "thermalexpansion:capacitor",
					"data": 32767
					}
				],
				    "hint": {
						"text": "Power Cell"
				},
				"decipher": {
					"decipher": {
						"block": "glacidus:pulsaton_ore",
						"data": 32767
					},
					"hint": "Pulsaton has proven to be an excellent power source."
				}
		    },
			"L": {
				"item": [
					"minecraft:chest_minecart",
					"byg:crate",
					"enderstorage:ender_storage",
					"projectred-exploration:barrel",
					"refinedstorage:storage_housing",
					"refinedstorage:disk_drive",
					"rftools:storage_module_tablet",
					"rftools:modular_storage",
					"thermalexpansion:strongbox",
					{
					"type": "forge:ore_dict",
					"ore": "chest"
					},
					{
					"type": "forge:ore_dict",
					"ore": "drawerBasic"
					},
					{
					"item": "multistorage:stone_storage",
					"data": 32767
					},
					{
					"item": "refinedstorage:storage_part",
					"data": 32767
					},
					{
					"item": "refinedstorage:fluid_storage_part",
					"data": 32767
					},
					{
					"item": "refinedstorage:storage_disk",
					"data": 32767
					},
					{
					"item": "refinedstorage:fluid_storage_disk",
					"data": 32767
					},
					{
					"item": "refinedstorage:storage",
					"data": 32767
					},
					{
					"item": "refinedstorage:fluid_storage",
					"data": 32767
					},
					{
					"item": "rftools:storage_module",
					"data": 32767
					}
				],
				"hint": {
					"text": "Loot Storage"
				},
				"decipher": {
					"decipher": {
						"block": "minecraft:chest",
						"data": 32767
					},
					"hint": "Chests are a good way to store items."
				}
			}
		}
	},
	"unlock": [
		{
            "type": "gamestages:stage",
            "stage": "base_defense",
            "message": "Updating recipe archives.... update complete."
        }
	]
}