{
  "display": {
    "icon": {
      "item": "refinedstorage:crafter"
    },
    "title": {
      "text": "Compression Crafting"
    },
    "description": {
      "text": "I could utilize the advanced compression of an ME system to facilitate faster autocrafting"
    },
    "x": 4,
    "y": 1
  },
	"parent": "cyborg:technology/storage_compression",
	"idea": {
		"amount": 3,
		"ingredients": [
			"#iron",
			"#tech",
			"#quartz",
			"#redstone",
			"#electrotine",
			"extrautils2:analogcrafter",
			"extrautils2:crafter",
			"rftools:crafter1",
			"rftools:crafter2",
			"rftools:crafter3",
			"contenttweaker:pulsaton_sliver",
			"glacidus:glacidite_fragment",
			"glacidus:residuum",
			{
				"item": "artisanworktables:worktable",
				"data": 5
			},
			{
				"item": "artisanworktables:workstation",
				"data": 5
			},
			{
				"item": "artisanworktables:worktable",
				"data": 6
			},
			{
				"item": "artisanworktables:workstation",
				"data": 6
			},
			{
				"item": "artisanworktables:worktable",
				"data": 9
			},
			{
				"item": "artisanworktables:workstation",
				"data": 9
			},
			{
				"type": "forge:ore_dict",
				"ore": "workbench"
			}
		]
	},
	"research": {
		"type": "ftgumod:match",
		"pattern": [
			"QPQ",
			"PMP",
			"QPQ"
		],
		"key": {
			"Q": {
				"item": [
					"#iron",
					"#steel",
					"#quartz"
				],
				"hint": {
					"text": "Quartz-Based Enhancements"
				},
				"decipher": {
					"decipher": {
						"block": "minecraft:quartz_ore",
						"data": 32767
					},
					"hint": "This should prove useful for Matter-Energy Conversion."
				}
			},
			"P": {
				"item": [
					"#circuit"
				],
				"hint": {
					"text": "Processing Cores"
				},
				"decipher": {
					"decipher": {
						"block": "minecraft:gold_block",
						"data": 32767
					},
					"hint": "Gold makes for excellent circuitry."
				}
			},
			"M": {
				"item": [
					"dse:shadercore",
					"refinedstorage:machine_casing",
					{
						"item": "extrautils2:opinium",
						"data": 32767
					}
				],
				"hint": {
					"text": "Material Management Containment Unit"
				},
				"decipher": {
					"decipher": {
						"item": "refinedstorage:machine_casing",
						"data": 32767
					},
					"hint": "These are purpose-built for this exact task, so I have no doubt I could utilize them."
				}
			}
		}
	},
	"unlock": [
			"refinedstorage:crafter",
			"refinedstorage:crafter_manager",
			"refinedstorage:crafting_monitor"
		]
}