{
  "display": {
    "icon": {
			"item": "redstonearsenal:tool.hammer_flux",
			"data": 0
		},
    "title": {
      "text": "Excavation"
    },
    "description": {
      "text": "I could mine a sizeable area if I managed to re-purpose some cybernetics or tools."
    },
    "x": 2,
    "y": -2
  },
	"parent": "cyborg:technology/technology",
	"idea": {
		"amount": 1,
		"ingredients": [
			{
				"item": "minecraft:diamond_pickaxe",
				"data": 32767
			},
			{
				"item": "minecraft:diamond_shovel",
				"data": 32767
			},
			{
				"item": "glacidus:glacidite_pickaxe",
				"data": 32767
			},
			{
				"item": "glacidus:glacidite_shovel",
				"data": 32767
			},
			{
				"item": "vulcanite:vulcanite_pickaxe",
				"data": 32767
			},
			{
				"item": "vulcanite:vulcanite_shovel",
				"data": 32767
			},
			{
				"item": "redstonearsenal:tool.pickaxe_flux",
				"data": 32767
			},
			{
				"item": "redstonearsenal:tool.shovel_flux",
				"data": 32767
			},
			{
				"item": "cyberware:muscle_upgrades",
				"data": 1,
				"nbt": {cyberwareQuality:"cyberware.quality.scavenged"}
			},
			{
				"item": "cyberware:muscle_upgrades",
				"data": 1
			},
			{
				"item": "cyberware:hand_upgrades",
				"data": 2,
				"nbt": {cyberwareQuality:"cyberware.quality.scavenged"}
			},
			{
				"item": "cyberware:hand_upgrades",
				"data": 2
			},
			{
				"item": "cyberware:cyberlimbs",
				"data": 0,
				"nbt": {cyberwareQuality:"cyberware.quality.scavenged"}
			},
			{
				"item": "cyberware:cyberlimbs",
				"data": 0
			},
			{
				"item": "cyberware:cyberlimbs",
				"data": 1,
				"nbt": {cyberwareQuality:"cyberware.quality.scavenged"}
			},
			{
				"item": "cyberware:cyberlimbs",
				"data": 1
			},
			{
				"item": "rewired:hand",
				"data": 0,
				"nbt": {cyberwareQuality:"cyberware.quality.scavenged"}
			},
			{
				"item": "rewired:hand",
				"data": 0
			}
		]
	},
	"unlock": [
		"thermalfoundation:tool.hammer_iron",
		"thermalfoundation:tool.hammer_gold",
		"thermalfoundation:tool.hammer_bronze",
		"thermalfoundation:tool.hammer_diamond",
		"redstonearsenal:tool.hammer_flux",
		"thermalfoundation:tool.excavator_iron",
		"thermalfoundation:tool.excavator_gold",
		"thermalfoundation:tool.excavator_bronze",
		"thermalfoundation:tool.excavator_diamond",
		"redstonearsenal:tool.excavator_flux",
		{
            "type": "gamestages:stage",
            "stage": "excavation",
            "message": "Updating ability archives.... update complete."
        }
	]
  }