{
  "display": {
    "icon": {
      "item": "refinedstorage:controller"
    },
    "title": {
      "text": "Storage Compression"
    },
    "description": {
      "text": "Having more storage is always good. I could probably compress things fairly well, if I had the correct technology."
    },
    "x": 2,
    "y": 2
  },
	"parent": "cyborg:technology/thermal_technology",
	"idea": {
		"amount": 3,
		"ingredients": [
			"#tech",
			"#circuit",
			"#iron",
			"#gold",
			"#quartz",
			"#diamond",
			"#redstone",
			"#electrotine",
			"minecraft:glowstone",
			"minecraft:glowstone_dust",
			"contenttweaker:pulsaton_sliver",
			"glacidus:glacidite_fragment",
			"glacidus:residuum",
			{
				"type": "forge:ore_dict",
				"ore": "slimeball"
			},
			{
				"type": "forge:ore_dict",
				"ore": "itemSilicon"
			},
			{
				"type": "forge:ore_dict",
				"ore": "blockGlass"
			},
			{
				"type": "forge:ore_dict",
				"ore": "artisansBeaker"
			},
			{
				"type": "forge:ore_dict",
				"ore": "artisansBurner"
			},
			{
				"type": "forge:ore_dict",
				"ore": "artisansSolderer"
			},
			{
				"type": "forge:ore_dict",
				"ore": "artisansSpanner"
			},
			{
				"type": "forge:ore_dict",
				"ore": "artisansPliers"
			},
			{
				"type": "ftgumod:fluid",
				"fluid": "redstone"
			}
		]
	},
	"research": {
		"type": "ftgumod:match",
		"pattern": [
			"QCQ",
			"SAS",
			"QPQ"
		],
		"key": {
			"Q": {
				"item": [
					"#iron",
					"#quartz",
					{
						"type": "forge:ore_dict",
						"ore": "artisansCutters"
					}
				],
				"hint": {
					"text": "Quartz-Based Enhancements"
				},
				"decipher": {
					"decipher": {
						"block": "minecraft:iron_ore",
						"data": 32767
					},
					"hint": "This should prove useful as a base for a Matter-Energy Conversion compatible material."
				}
			},
			"C": {
				"item": [
					"#circuit"
				],
				"hint": {
					"text": "Circuitry"
				},
				"decipher": {
					"decipher": {
						"block": "minecraft:redstone_block",
						"data": 32767
					},
					"hint": "Redstone makes for excellent circuitry."
				}
			},
			"S": {
				"item": [
					"#quartz",
					{
						"item": "alchemistry:element",
						"data": 14
					},
					{
						"item": "alchemistry:compound",
						"data": 1
					},
					{
						"item": "cyberware:component",
						"data": 6
					},
					{
						"item": "cyberware:component",
						"data": 9
					},
					{
						"item": "projectred-core:resource_item",
						"data": 20
					},
					{
						"item": "projectred-core:resource_item",
						"data": 21
					},
					{
						"item": "projectred-core:resource_item",
						"data": 250
					},
					{
						"item": "projectred-core:resource_item",
						"data": 300
					},
					{
						"item": "projectred-core:resource_item",
						"data": 310
					},
					{
						"item": "projectred-core:resource_item",
						"data": 311
					},
					{
						"item": "projectred-core:resource_item",
						"data": 312
					},
					{
						"item": "projectred-core:resource_item",
						"data": 320
					},
					{
						"item": "projectred-core:resource_item",
						"data": 341
					},
					{
						"item": "projectred-core:resource_item",
						"data": 342
					},
					{
						"type": "forge:ore_dict",
						"ore": "itemSilicon"
					},
					{
						"type": "forge:ore_dict",
						"ore": "ingotSilicon"
					}
			],
			"hint": {
					"text": "Material-to-Energy Silicates"
				},
				"decipher": {
					"decipher": {
						"block": "minecraft:quartz_ore",
						"data": 32767
					},
					"hint": "This should prove useful as a silicate to aid in Matter-Energy Conversion."
				}
			},
			"A": {
				"item": [
					"compactmachines3:wallbreakable",
					"refinedstorage:machine_casing",
					"rftools:machine_frame",
					{
						"item": "extrautils2:machine",
						"data": 0
					},
					{
						"item": "thermalexpansion:frame",
						"data": 32767
					}
				],
				"hint": {
					"text": "Auto-Crafter Casing"
				},
				"decipher": {
					"decipher": {
						"block": "minecraft:iron_ore",
						"data": 32767
					},
					"hint": "I could craft a machine casing out of this."
				}
		  },
		  "P": {
				"item": [
					"#circuit",
					"refinedstorage:processor_binding",
					{
						"item": "refinedstorage:core",
						"data": 32767
					},
					{
						"item": "refinedstorage:processor",
						"data": 32767
					}
				],
				"hint": {
					"text": "Processing Core"
				},
				"decipher": {
					"decipher": {
						"block": "minecraft:slime",
						"data": 32767
					},
					"hint": "I've learned from experience that this slime makes good electronics."
				}
			}
		}
	},
	"unlock": [
			{
				"type": "gamestages:stage",
				"stage": "storage_compression",
				"message": "Updating recipe archives.... update complete."
			}
	   ]
}