{
  "display": {
    "icon": {
      "item": "redstonearsenal:tool.pickaxe_flux"
    },
    "title": {
      "text": "Technological Tools"
    },
    "description": {
      "text": "Being able to power my tools should allow me to free up resources for more useful things"
    },
    "x": 0,
    "y": 4
  },
  "parent": "cyborg:technology/thermal_technology",
  "idea": {
    "amount": 3,
    "ingredients": [
		"#tech",
		"#gear",
		"#plate",
		"#redstone",
		"#electrotine",
		"extrautils2:suncrystal",
		"glacidus:glacium_bucket",
		"glacidus:glacidite_fragment",
		{
			"type": "forge:ore_dict",
			"ore": "oreGlacidite"
		}
    ]
  },
  	"research": {
		"type": "ftgumod:match",
		"pattern": [
			"PPP",
			" H ",
			" H "
		],
		"key": {
			"P": {
				"item": [
					"#diamond",
					"glacidus:glacidite_fragment",
					{
						"type": "forge:ore_dict",
						"ore": "oreGlacidite"
					},
					{
						"type": "forge:ore_dict",
						"ore": "oreVulcanite"
					},
					{
						"type": "forge:ore_dict",
						"ore": "oreNetherVulcanite"
					},
					{
						"type": "forge:ore_dict",
						"ore": "blockVulcanite"
					},
					{
						"type": "forge:ore_dict",
						"ore": "ingotVulcanite"
					},
					{
						"type": "forge:ore_dict",
						"ore": "nuggetVulcanite"
					},
					{
						"type": "forge:ore_dict",
						"ore": "blockMithril"
					},
					{
						"type": "forge:ore_dict",
						"ore": "ingotMithril"
					},
					{
						"type": "forge:ore_dict",
						"ore": "nuggetMithril"
					},
					{
						"type": "forge:ore_dict",
						"ore": "dustMithril"
					},
					{
						"type": "forge:ore_dict",
						"ore": "blockPlatinum"
					},
					{
						"type": "forge:ore_dict",
						"ore": "ingotPlatinum"
					},
					{
						"type": "forge:ore_dict",
						"ore": "nuggetPlatinum"
					},
					{
						"type": "forge:ore_dict",
						"ore": "dustPlatinum"
					},
					{
						"type": "forge:ore_dict",
						"ore": "blockIridium"
					},
					{
						"type": "forge:ore_dict",
						"ore": "ingotIridium"
					},
					{
						"type": "forge:ore_dict",
						"ore": "nuggetIridium"
					},
					{
						"type": "forge:ore_dict",
						"ore": "dustIridium"
					},
					{
						"type": "forge:ore_dict",
						"ore": "blockLumium"
					},
					{
						"type": "forge:ore_dict",
						"ore": "ingotLumium"
					},
					{
						"type": "forge:ore_dict",
						"ore": "nuggetLumium"
					},
					{
						"type": "forge:ore_dict",
						"ore": "dustLumium"
					},
					{
						"type": "forge:ore_dict",
						"ore": "blockSignalum"
					},
					{
						"type": "forge:ore_dict",
						"ore": "ingotSignalum"
					},
					{
						"type": "forge:ore_dict",
						"ore": "nuggetSignalum"
					},
					{
						"type": "forge:ore_dict",
						"ore": "dustSignalum"
					},
					{
						"type": "forge:ore_dict",
						"ore": "blockEnderium"
					},
					{
						"type": "forge:ore_dict",
						"ore": "ingotEnderium"
					},
					{
						"type": "forge:ore_dict",
						"ore": "nuggetEnderium"
					},
					{
						"type": "forge:ore_dict",
						"ore": "dustEnderium"
					}
				],
				"hint": {
					"text": "Advanced Pickaxe Head"
				},
				"decipher": {
					"decipher": {
						"block": "minecraft:diamond_ore",
						"data": 32767
					},
					"hint": "I'd consider diamonds to be a fairly advanced material, so using them for a high-tier pickaxe is only logical."
				}
			},
			"H": {
				"item": [
					"minecraft:end_rod",
					"minecraft:blaze_rod",
					"minecraft:blaze_powder",
					{
						"item": "thermalfoundation:material",
						"data": 2048
					},
					{
						"item": "thermalfoundation:material",
						"data": 2050
					},
					{
						"item": "thermalfoundation:material",
						"data": 2052
					},
					{
						"item": "redstonearsenal:material",
						"data": 193
					},
					{
						"type": "forge:ore_dict",
						"ore": "blockRodBlaze"
					},
					{
						"type": "forge:ore_dict",
						"ore": "obsidian"
					},
					{
						"type": "forge:ore_dict",
						"ore": "obsidianRod"
					},
					{
						"type": "forge:ore_dict",
						"ore": "dustObsidian"
					}
				],
				"hint": {
					"text": "High-Tech Handle"
				},
				"decipher": {
					"decipher": {
						"block": "minecraft:end_rod",
						"data": 32767
					},
					"hint": "End Rods are rather advanced. Perhaps I could repurpose them into tool handles?"
				}
			}
		},
  "unlock": [
	{
        "type": "gamestages:stage",
        "stage": "technological_tools",
        "message": "Updating recipe archives.... update complete."
	}
   ]
  }
}