{
	"type": "custommachinery:custom_machine",
	"machine": "quintessence:shredder",
	"time": 200,
	"requirements": [
		{
			"type": "custommachinery:energy",
			"mode": "input",
			"amount": 4000
		},
		{
			"mode": "input",
			"type": "custommachinery:item",
			"item": "lctech:battery_shop",
			"amount": 1
		},
		{
			"mode": "output",
			"id": "output",
			"type": "custommachinery:item",
			"item": "kubejs:small_iron_scrap",
			"amount": 5
		},
		{
			"mode": "output",
			"id": "output2",
			"type": "custommachinery:item",
			"item": "kubejs:small_copper_scrap",
			"amount": 4
		},
		{
			"mode": "output",
			"id": "output3",
			"type": "custommachinery:item",
			"item": "minecraft:redstone",
			"chance": 0.5,
			"amount": 2
		},
		{
			"mode": "output",
			"id": "output4",
			"type": "custommachinery:item",
			"item": "kubejs:damaged_trading_core",
			"amount": 1
		}
	]
}