{
	"type": "custommachinery:custom_machine",
	"machine": "quintessence:shredder",
	"jeiPriority": 597,
	"time": 60,
	"requirements": [
		{
			"type": "custommachinery:energy",
			"mode": "input",
			"amount": 1250
		},
		{
			"mode": "input",
			"type": "custommachinery:item",
			"item": "lctech:fluid_tap",
			"amount": 1
		},
		{
			"mode": "output",
			"id": "output",
			"type": "custommachinery:item",
			"item": "kubejs:damaged_trading_core",
			"amount": 2
		},
		{
			"mode": "output",
			"id": "output2",
			"type": "custommachinery:item",
			"item": "kubejs:tiny_iron_scrap",
			"amount": 1
		},
		{
			"mode": "output",
			"id": "output3",
			"type": "custommachinery:item",
			"item": "kubejs:small_iron_scrap",
			"amount": 4
		},
		{
			"mode": "output",
			"id": "output4",
			"type": "custommachinery:item",
			"item": "quark:dirty_shard",
			"amount": 4
		}
	]
}