{
	"type": "custommachinery:custom_machine",
	"machine": "quintessence:shredder",
	"jeiPriority": 594,
	"time": 200,
	"requirements": [
		{
			"type": "custommachinery:energy",
			"mode": "input",
			"amount": 4000
		},
		{
			"mode": "input",
			"type": "custommachinery:item",
			"item": "lctech:fluid_trader_interface",
			"amount": 1
		},
		{
			"mode": "output",
			"id": "output",
			"type": "custommachinery:item",
			"item": "kubejs:small_iron_scrap",
			"amount": 14
		},
		{
			"mode": "output",
			"id": "output2",
			"type": "custommachinery:item",
			"item": "quark:dirty_shard",
			"amount": 16
		},
	]
}