{
	"conditions": [
		{
			"type": "forge:mod_loaded",
			"modid": "create"
		}
	],
	"type": "tconstruct:melting",
	"ingredient": {
		"item": "create:controls"
	},
	"result": {
		"fluid": "tconstruct:molten_obsidian",
		"amount": 250
	},
	"byproducts": [
		{
			"fluid": "tconstruct:molten_brass",
			"amount": 90
		},
		{
			"fluid": "tconstruct:molten_gold",
			"amount": 90
		},
		{
			"fluid": "tconstruct:molten_iron",
			"amount": 10
		}
	],
	"temperature": 1000,
	"time": 300
}