{
	"conditions": [
		{
			"type": "forge:mod_loaded",
			"modid": "lightmanscurrency"
		}
	],
	"type": "tconstruct:melting",
	"ingredient": {
		"item": "lightmanscurrency:speed_upgrade_4"
	},
	"result": {
		"fluid": "tconstruct:molten_gold",
		"amount": 450
	},
	"byproducts": [
		{
			"fluid": "tconstruct:molten_diamond",
			"amount": 100
		},
		{
			"fluid": "tconstruct:molten_emerald",
			"amount": 100
		},
		{
			"fluid": "tconstruct:molten_iron",
			"amount": 90
		}
	],
	"temperature": 700,
	"time": 600
}