[
  {
    "ingredient": [
      "minecraft:wooden_sword",
      "minecraft:wooden_pickaxe",
      "minecraft:wooden_shovel",
      "minecraft:wooden_hoe",
      "minecraft:wooden_axe",
	  "chiselsandbits:wrench_wood",
	  "forestry:wood_pile",
	  "forestry:wood_pulp",
	  "extrautils2:spike_wood",
	  "extrautils2:sickle_wood",
	  {
        "item": "extrautils2:decorativesolidwood",
		"data": 1
      },
	  {
        "item": "extrautils2:decorativesolidwood",
		"data": 2
      },
	  {
        "item": "natura:materials",
		"data": 5
      },
	  {
        "type": "forge:ore_dict",
		"ore": "treeSapling"
      },
	  {
        "type": "forge:ore_dict",
		"ore": "logWood"
      },
      {
        "type": "forge:ore_dict",
		"ore": "plankWood"
      },
      {
        "type": "forge:ore_dict",
		"ore": "stickWood"
      },
      {
        "type": "forge:ore_dict",
		"ore": "bowlWood"
      },
      {
        "type": "forge:ore_dict",
		"ore": "craftingTableWood"
      },
      {
        "type": "forge:ore_dict",
		"ore": "chestWood"
      },
      {
        "type": "forge:ore_dict",
		"ore": "stairWood"
      },
      {
        "type": "forge:ore_dict",
		"ore": "slabWood"
      },
      {
        "type": "forge:ore_dict",
		"ore": "fenceWood"
      },
      {
        "type": "forge:ore_dict",
		"ore": "fenceGateWood"
      },
      {
        "type": "forge:ore_dict",
		"ore": "doorWood"
      },
      {
        "type": "forge:ore_dict",
		"ore": "trapdoorWood"
      },
      {
        "type": "forge:ore_dict",
		"ore": "pressurePlateWood"
      },
      {
        "type": "forge:ore_dict",
		"ore": "buttonWood"
      },
      {
        "type": "forge:ore_dict",
		"ore": "bookshelf"
      }
    ],
    "name": "wood"
  },
  {
    "ingredient": [
	  "chiselsandbits:chisel_stone",
	  "extrautils2:sickle_stone",
	  "extrautils2:spike_stone",
	  "sct:stone_crafting_plate",
	  "sct:stone_crafting_table",
	  "stonechest:part_cobblestone",
	  "microblockcbe:saw_stone",
      "minecraft:stone_sword",
      "minecraft:stone_pickaxe",
      "minecraft:stone_shovel",
      "minecraft:stone_hoe",
      "minecraft:stone_axe",
	  "minecraft:mossy_cobblestone",
	  "minecraft:cobblestone_wall",
	  {
        "item": "minecraft:cobblestone_wall",
		"data": 1
      },
	  {
        "item": "minecraft:stone_slab",
		"data": 3
      },
	  {
        "item": "extrautils2:compressedcobblestone",
		"data": 0
      },
	  {
        "item": "extrautils2:compressedcobblestone",
		"data": 1
      },
	  {
        "item": "extrautils2:compressedcobblestone",
		"data": 2
      },
	  {
        "item": "extrautils2:compressedcobblestone",
		"data": 3
      },
	  {
        "item": "extrautils2:compressedcobblestone",
		"data": 4
      },
	  {
        "item": "extrautils2:compressedcobblestone",
		"data": 5
      },
	  {
        "item": "extrautils2:compressedcobblestone",
		"data": 6
      },
	  {
        "item": "extrautils2:compressedcobblestone",
		"data": 7
      },
      {
        "type": "forge:ore_dict",
		"ore": "cobblestone"
      }
    ],
    "name": "cobblestone"
  },
  {
    "ingredient": [
	  "chiselsandbits:chisel_stone",
	  "extrautils2:sickle_stone",
	  "extrautils2:spike_stone",
	  "sct:stone_crafting_plate",
	  "sct:stone_crafting_table",
	  "stonechest:part_stone",
	  "stonechest:part_cobblestone",
	  "stonechest:part_andesite",
	  "stonechest:part_diorite",
	  "stonechest:part_granite",
	  "microblockcbe:saw_stone",
      "minecraft:stone_sword",
      "minecraft:stone_pickaxe",
      "minecraft:stone_shovel",
      "minecraft:stone_hoe",
      "minecraft:stone_axe",
	  "minecraft:mossy_cobblestone",
	  "minecraft:stone_stairs",
	  "minecraft:stone_brick_stairs",
	  "minecraft:stone_pressure_plate",
	  "minecraft:cobblestone_wall",
	  {
        "item": "minecraft:cobblestone_wall",
		"data": 1
      },
	  {
        "item": "minecraft:stonebrick",
		"data": 1
      },
	  {
        "item": "minecraft:stonebrick",
		"data": 2
      },
	  {
        "item": "minecraft:stonebrick",
		"data": 3
      },
	  {
        "item": "minecraft:stone_slab",
		"data": 0
      },
	  {
        "item": "minecraft:stone_slab",
		"data": 3
      },
	  {
        "item": "minecraft:stone_slab",
		"data": 5
      },
	  {
        "item": "wrcbe:material",
		"data": 1
      },
	  {
        "item": "extrautils2:drum",
		"data": 0
      },
	  {
        "item": "extrautils2:compressedcobblestone",
		"data": 0
      },
	  {
        "item": "extrautils2:compressedcobblestone",
		"data": 1
      },
	  {
        "item": "extrautils2:compressedcobblestone",
		"data": 2
      },
	  {
        "item": "extrautils2:compressedcobblestone",
		"data": 3
      },
	  {
        "item": "extrautils2:compressedcobblestone",
		"data": 4
      },
	  {
        "item": "extrautils2:compressedcobblestone",
		"data": 5
      },
	  {
        "item": "extrautils2:compressedcobblestone",
		"data": 6
      },
	  {
        "item": "extrautils2:compressedcobblestone",
		"data": 7
      },
	  {
        "item": "extrautils2:decorativesolid",
		"data": 0
      },
	  {
        "item": "extrautils2:decorativesolid",
		"data": 1
      },
	  {
        "item": "extrautils2:decorativesolid",
		"data": 2
      },
	  {
        "item": "extrautils2:decorativesolid",
		"data": 3
      },
      {
        "type": "forge:ore_dict",
		"ore": "chestStone"
      },
      {
        "type": "forge:ore_dict",
		"ore": "stone"
      },
      {
        "type": "forge:ore_dict",
		"ore": "cobblestone"
      },
      {
        "type": "forge:ore_dict",
		"ore": "bricksStone"
      },
      {
        "type": "forge:ore_dict",
		"ore": "blockMossy"
      },
      {
        "type": "forge:ore_dict",
		"ore": "rodStone"
      }
    ],
    "name": "stone"
  },
  {
    "ingredient": [
      "minecraft:repeater",
      "minecraft:comparator",
      "minecraft:redstone_torch",
	  {
        "type": "forge:ore_dict",
		"ore": "oreRedstone"
      },
	  {
        "type": "forge:ore_dict",
		"ore": "blockRedstone"
      },
      {
        "type": "forge:ore_dict",
		"ore": "dustRedstone"
      }
    ],
    "name": "redstone"
  },
  {
    "ingredient": [
     "minecraft:end_stone",
	  {
        "item": "minecraft:stone",
		"data": 1
      },
      {
        "item": "minecraft:stone",
		"data": 2
      },
      {
        "item": "minecraft:stone",
		"data": 3
      },
      {
        "item": "minecraft:stone",
		"data": 4
      },
      {
        "item": "minecraft:stone",
		"data": 5
      },
      {
        "item": "minecraft:stone",
		"data": 6
      },
      {
        "item": "chisel:brownstone",
		"data": 32767
      }
    ],
    "name": "fancystone"
  },
  {
    "ingredient": [
	  "minecraft:lava_bucket",
	  "minecraft:coal_block",
	  "minecraft:blaze_rod",
      {
        "item": "minecraft:coal",
		"data": 0
      },
      {
        "item": "minecraft:coal",
		"data": 1
      },
	  {
        "item": "extrautils2:ingredients",
		"data": 4
      },
      {
        "type": "forge:ore_dict",
		"ore": "blockCharcoal"
      }
    ],
    "name": "fuel"
  },
  {
    "ingredient": [
	  "cookingforblockheads:heating_unit",
	  "minecraft:lava_bucket",
	  "minecraft:fire_charge",
	  "minecraft:blaze_rod",
	  "minecraft:magma_cream",
	  "minecraft:magma",
	  "natura:nether_heat_sand",
	  "natura:nether_glass",
	  {
        "item": "wrcbe:material",
		"data": 4
      },
	  {
        "item": "natura:materials",
		"data": 6
      },
	  {
        "item": "forestry:can",
		"data": 1,
		"nbt": {Fluid: {FluidName: "lava", Amount: 1000}	}
	  },
	  {
        "item": "forestry:capsule",
		"data": 1,
		"nbt": {Fluid: {FluidName: "lava", Amount: 1000}	}
	  },
	  {
        "item": "forestry:refractory",
		"data": 1,
		"nbt": {Fluid: {FluidName: "lava", Amount: 1000}	}
	  }
    ],
    "name": "hot"
  },
  {
    "ingredient": [
	  "cookingforblockheads:ice_unit",
	  "minecraft:packed_ice",
	  "minecraft:ice",
	  "minecraft:snow",
	  "minecraft:snowball",
	  {
        "item": "natura:edibles",
		"data": 11
      }, 
	  {
        "item": "forestry:crafting_material",
		"data": 5
      }, 
	  {
        "item": "forestry:can",
		"data": 1,
		"nbt": {Fluid: {FluidName: "ice", Amount: 1000}	}
	  },
	  {
        "item": "forestry:capsule",
		"data": 1,
		"nbt": {Fluid: {FluidName: "ice", Amount: 1000}	}
	  },
	  {
        "item": "forestry:refractory",
		"data": 1,
		"nbt": {Fluid: {FluidName: "ice", Amount: 1000}	}
	  },
      {
        "type": "forge:ore_dict",
		"ore": "blockIce"
      }
    ],
    "name": "cold"
  },
  {
    "ingredient": [
	  "minecraft:paper",
	  "contenttweaker:papyrus",
	  "ftgumod:magnifying_glass",
	  "ftgumod:parchment_empty",
	  "minecraft:enchanting_table",
	  "ftgumod:research_book",
	  "thermalfoundation:tome_experience",
	  "thermalfoundation:tome_lexicon",
	  "forestry:book_forester",
	  "forestry:catalogue",
	  "akashictome:tome",
	  "xnet:xnet_manual",
	  "ftbquests:book",
	  "extrautils2:book",
	  "extrautils2:powermanager",
      "cookingforblockheads:recipe_book",
      {
		"item": "cookingforblockheads:recipe_book",
		"data": 1
      },
      {
		"item": "cookingforblockheads:recipe_book",
		"data": 2
      },
      {
        "item": "minecraft:written_book",
	    "data": 32767 
      },
      {
        "item": "minecraft:enchanted_book",
	    "data": 32767 
      }
	],
    "name": "knowledge"
  },
  {
    "ingredient": [
      {
	    "item": "extrautils2:decorativesolid",
	    "data": 4
      },
      {
	    "item": "extrautils2:decorativeglass",
	    "data": 0
      },
      {
	    "item": "extrautils2:decorativeglass",
	    "data": 1
      },
      {
	    "item": "extrautils2:decorativeglass",
	    "data": 2
      },
      {
	    "item": "extrautils2:decorativeglass",
	    "data": 3
      },
      {
	    "item": "extrautils2:decorativeglass",
	    "data": 4
      },
      {
	    "item": "extrautils2:decorativeglass",
	    "data": 5
      },
      {
	    "type": "forge:ore_dict",
	    "ore": "paneGlass"
      },
      {
	    "type": "forge:ore_dict",
	    "ore": "blockGlass"
      }
	],
    "name": "glass"
  },
  {
    "ingredient": [
	  {
        "item": "minecraft:hardened_clay",
	    "data": 0
      },
	  {
        "item": "minecraft:stained_hardened_clay",
	    "data": 0
      },
	  {
        "item": "minecraft:stained_hardened_clay",
	    "data": 1
      },
	  {
        "item": "minecraft:stained_hardened_clay",
	    "data": 2
      },
	  {
        "item": "minecraft:stained_hardened_clay",
	    "data": 3
      },
	  {
        "item": "minecraft:stained_hardened_clay",
	    "data": 4
      },
	  {
        "item": "minecraft:stained_hardened_clay",
	    "data": 5
      },
	  {
        "item": "minecraft:stained_hardened_clay",
	    "data": 6
      },
	  {
        "item": "minecraft:stained_hardened_clay",
	    "data": 7
      },
	  {
        "item": "minecraft:stained_hardened_clay",
	    "data": 8
      },
	  {
        "item": "minecraft:stained_hardened_clay",
	    "data": 9
      },
	  {
        "item": "minecraft:stained_hardened_clay",
	    "data": 10
      },
	  {
        "item": "minecraft:stained_hardened_clay",
	    "data": 11
      },
	  {
        "item": "minecraft:stained_hardened_clay",
	    "data": 12
      },
	  {
        "item": "minecraft:stained_hardened_clay",
	    "data": 13
      },
	  {
        "item": "minecraft:stained_hardened_clay",
	    "data": 14
      },
	  {
        "item": "minecraft:stained_hardened_clay",
	    "data": 15
      },
      "minecraft:orange_glazed_terracotta",
      "minecraft:magenta_glazed_terracotta",
      "minecraft:light_blue_glazed_terracotta",
      "minecraft:yellow_glazed_terracotta",
      "minecraft:lime_glazed_terracotta",
      "minecraft:pink_glazed_terracotta",
      "minecraft:gray_glazed_terracotta",
      "minecraft:silver_glazed_terracotta",
      "minecraft:cyan_glazed_terracotta",
      "minecraft:purple_glazed_terracotta",
      "minecraft:blue_glazed_terracotta",
      "minecraft:brown_glazed_terracotta",
      "minecraft:green_glazed_terracotta",
      "minecraft:red_glazed_terracotta",
      "minecraft:black_glazed_terracotta"
    ],
    "name": "terracotta"
  },
  {
    "ingredient": [
	  {
        "item": "minecraft:concrete",
	    "data": 0
      },
	  {
        "item": "minecraft:concrete",
	    "data": 1
      },
	  {
        "item": "minecraft:concrete",
	    "data": 2
      },
	  {
        "item": "minecraft:concrete",
	    "data": 3
      },
	  {
        "item": "minecraft:concrete",
	    "data": 4
      },
	  {
        "item": "minecraft:concrete",
	    "data": 5
      },
	  {
        "item": "minecraft:concrete",
	    "data": 6
      },
	  {
        "item": "minecraft:concrete",
	    "data": 7
      },
	  {
        "item": "minecraft:concrete",
	    "data": 8
      },
	  {
        "item": "minecraft:concrete",
	    "data": 9
      },
	  {
        "item": "minecraft:concrete",
	    "data": 10
      },
	  {
        "item": "minecraft:concrete",
	    "data": 11
      },
	  {
        "item": "minecraft:concrete",
	    "data": 12
      },
	  {
        "item": "minecraft:concrete",
	    "data": 13
      },
	  {
        "item": "minecraft:concrete",
	    "data": 14
      },
	  {
        "item": "minecraft:concrete",
	    "data": 15
      },
	  {
        "item": "minecraft:concrete_powder",
	    "data": 0
      },
	  {
        "item": "minecraft:concrete_powder",
	    "data": 1
      },
	  {
        "item": "minecraft:concrete_powder",
	    "data": 2
      },
	  {
        "item": "minecraft:concrete_powder",
	    "data": 3
      },
	  {
        "item": "minecraft:concrete_powder",
	    "data": 4
      },
	  {
        "item": "minecraft:concrete_powder",
	    "data": 5
      },
	  {
        "item": "minecraft:concrete_powder",
	    "data": 6
      },
	  {
        "item": "minecraft:concrete_powder",
	    "data": 7
      },
	  {
        "item": "minecraft:concrete_powder",
	    "data": 8
      },
	  {
        "item": "minecraft:concrete_powder",
	    "data": 9
      },
	  {
        "item": "minecraft:concrete_powder",
	    "data": 10
      },
	  {
        "item": "minecraft:concrete_powder",
	    "data": 11
      },
	  {
        "item": "minecraft:concrete_powder",
	    "data": 12
      },
	  {
        "item": "minecraft:concrete_powder",
	    "data": 13
      },
	  {
        "item": "minecraft:concrete_powder",
	    "data": 14
      },
	  {
        "item": "minecraft:concrete_powder",
	    "data": 15
      },
	  {
        "type": "forge:ore_dict",
	    "ore": "blockConcrete"
      }
    ],
    "name": "concrete"
  },
  {
    "ingredient": [
	  "foodexpansion:itembacon",
	  "foodexpansion:itemcookedbacon",
	  "foodexpansion:itemfriedegg",
	  "foodexpansion:itembaconandegg",
	  "foodexpansion:itemcarrotseedsoup",
	  "foodexpansion:itemchocolatebar",
	  "foodexpansion:itemspidersoup",
	  "foodexpansion:itemnetherwartsoup",
	  "foodexpansion:itemcookedmushroom",
	  "foodexpansion:itemcarrotpie",
	  "foodexpansion:itembatwing",
	  "foodexpansion:itemcookedbatwing",
	  "foodexpansion:itemblazecream",
	  "foodexpansion:itemmelonsalad",
	  "foodexpansion:itemroastedseed",
	  "foodexpansion:itembeetrootnoodles",
	  "foodexpansion:itemdough",
	  "foodexpansion:itemjelly",
	  "foodexpansion:itemlollipop",
	  "extrautils2:magicapple",
	  "natura:saguaro_fruit_item",
	  "forestry:honeyed_slice",
	  "forestry:honey_pot",
	  "forestry:ambrosia",
	  "minecraft:egg",
	  "minecraft:cake",
	  "minecraft:apple",
	  "minecraft:bread",
	  "minecraft:baked_potato",
	  "minecraft:chorus_fruit",
	  "minecraft:rabbit_stew",
	  "minecraft:mushroom_stew",
	  "minecraft:beetroot_soup",
	  "minecraft:pumpkin_pie",
	  "minecraft:golden_carrot",
	  "minecraft:milk_bucket",
	  "minecraft:poisonous_potato",
	  "minecraft:rotten_flesh",
	  "minecraft:spider_eye",
	  {
        "item": "minecraft:golden_apple",
	    "data": 0
      },
	  {
        "item": "minecraft:golden_apple",
	    "data": 1
      },
	  {
        "item": "natura:edibles",
	    "data": 10
      },
	  {
        "item": "natura:edibles",
	    "data": 11
      },
	  {
        "item": "natura:nether_glowshroom",
	    "data": 0
      },
	  {
        "item": "natura:nether_glowshroom",
	    "data": 1
      },
	  {
        "item": "natura:nether_glowshroom",
	    "data": 2
      },
	  {
        "item": "natura:soups",
	    "data": 0
      },
	  {
        "item": "natura:soups",
	    "data": 1
      },
	  {
        "item": "natura:soups",
	    "data": 2
      },
	  {
        "item": "natura:soups",
	    "data": 3
      },
	  {
        "item": "natura:soups",
	    "data": 4
      },
	  {
        "item": "natura:soups",
	    "data": 5
      },
	  {
        "item": "natura:soups",
	    "data": 6
      },
	  {
        "item": "natura:soups",
	    "data": 7
      },
	  {
        "item": "natura:soups",
	    "data": 8
      },
	  {
        "item": "natura:soups",
	    "data": 9
      },
	  {
        "type": "forge:ore_dict",
	    "ore": "listAllmeat"
      },
	  {
        "type": "forge:ore_dict",
	    "ore": "listAllcrops"
      },
	  {
        "type": "forge:ore_dict",
	    "ore": "listAllfruit"
      }
    ],
    "name": "food"
  }
]