{
    "content": {
        "flint_and_steel": {
            "type": "item",
			"rarity": "COMMON",
            "content": "minecraft:flint_and_steel",
            "amount": {
                "min": 1,
                "max": 3
            },
            "unitWorth": 35
        },
        "fire_charge": {
            "type": "item",
			"rarity": "UNCOMMON",
            "content": "minecraft:fire_charge",
            "amount": {
                "min": 1,
                "max": 3
            },
            "unitWorth": 150
        },
        "gunpowder": {
            "type": "item",
			"rarity": "UNCOMMON",
            "content": "minecraft:gunpowder",
            "amount": {
                "min": 1,
                "max": 5
            },
            "unitWorth": 30,
			"weightMult": 0.75
        },
        "redstone": {
            "type": "item",
			"rarity": "COMMON",
            "content": "minecraft:redstone",
            "amount": {
                "min": 8,
                "max": 32
            },
            "unitWorth": 20
        },
        "redstone_block": {
            "type": "item",
			"rarity": "COMMON",
            "content": "minecraft:redstone_block",
            "amount": {
                "min": 1,
                "max": 8
            },
            "unitWorth": 200
        },
        "redstone_torch": {
            "type": "item",
			"rarity": "COMMON",
            "content": "minecraft:redstone_torch",
            "amount": {
                "min": 1,
                "max": 8
            },
            "unitWorth": 20
        },
        "redstone_repeater": {
            "type": "item",
			"rarity": "COMMON",
            "content": "minecraft:repeater",
            "amount": {
                "min": 1,
                "max": 4
            },
            "unitWorth": 45
        },
        "salt": {
            "type": "item_tag",
			"rarity": "COMMON",
            "content": "forge:dusts/salt",
            "amount": {
                "min": 4,
                "max": 8
            },
            "unitWorth": 10,
			"weightMult": 0.75
        },
        "sulfur": {
            "type": "item_tag",
			"rarity": "UNCOMMON",
            "content": "forge:dusts/sulfur",
            "amount": {
                "min": 2,
                "max": 8
            },
            "unitWorth": 20,
			"weightMult": 0.75
        },
        "tnt": {
            "type": "item",
			"rarity": "COMMON",
            "content": "minecraft:tnt",
            "amount": {
                "min": 1,
                "max": 4
            },
            "unitWorth": 150
        },
        "tnt_minecart": {
            "type": "item",
			"rarity": "UNCOMMON",
            "content": "minecraft:tnt_minecart",
            "amount": {
                "min": 1,
                "max": 3
            },
            "unitWorth": 65
        },
        "blast_protection_1": {
            "type": "item",
			"rarity": "UNCOMMON",
            "content": "minecraft:enchanted_book",
            "amount": {
                "min": 1,
                "max": 2
            },
			"nbt": "{StoredEnchantments:[{id:\"minecraft:blast_protection\",lvl:1s}]}",
            "unitWorth": 75,
			"weightMult": 0.75
        },
        "blast_protection_2": {
            "type": "item",
			"rarity": "UNCOMMON",
            "content": "minecraft:enchanted_book",
            "amount": {
                "min": 1,
                "max": 2
            },
			"nbt": "{StoredEnchantments:[{id:\"minecraft:blast_protection\",lvl:2s}]}",
            "unitWorth": 150
        },
        "blast_protection_3": {
            "type": "item",
			"rarity": "RARE",
            "content": "minecraft:enchanted_book",
            "amount": {
                "min": 1,
                "max": 2
            },
			"nbt": "{StoredEnchantments:[{id:\"minecraft:blast_protection\",lvl:3s}]}",
            "unitWorth": 225
        },
        "blast_protection_4": {
            "type": "item",
			"rarity": "EPIC",
            "content": "minecraft:enchanted_book",
            "amount": {
                "min": 1,
                "max": 2
            },
			"nbt": "{StoredEnchantments:[{id:\"minecraft:blast_protection\",lvl:4s}]}",
            "unitWorth": 350
        },
        "tiny_tnt": {
            "type": "item",
			"rarity": "UNCOMMON",
            "content": "ae2:tiny_tnt",
            "amount": {
                "min": 2,
                "max": 8
            },
            "unitWorth": 50
        },
        "confusing_powder": {
            "type": "item",
			"rarity": "COMMON",
            "content": "enderzoology:confusing_powder",
            "amount": {
                "min": 1,
                "max": 4
            },
            "unitWorth": 20
        },
        "concussion_charge": {
            "type": "item",
			"rarity": "UNCOMMON",
            "content": "enderzoology:concussion_charge",
            "amount": {
                "min": 1,
                "max": 3
            },
            "unitWorth": 125
        },
        "confusing_charge": {
            "type": "item",
			"rarity": "UNCOMMON",
            "content": "enderzoology:confusing_charge",
            "amount": {
                "min": 1,
                "max": 3
            },
            "unitWorth": 100
        },
        "ender_charge": {
            "type": "item",
			"rarity": "UNCOMMON",
            "content": "enderzoology:ender_charge",
            "amount": {
                "min": 1,
                "max": 2
            },
            "unitWorth": 200
        },
        "redstone_randomizer": {
            "type": "item",
			"rarity": "UNCOMMON",
            "content": "quark:redstone_randomizer",
            "amount": {
                "min": 1,
                "max": 2
            },
            "unitWorth": 60
        }
    }
}