{
    "content": {
        "emerald": {
            "type": "item",
			"rarity": "COMMON",
            "content": "minecraft:emerald",
            "amount": {
                "min": 2,
                "max": 8
            },
            "unitWorth": 7
        },
        "lubricating_elixir": {
            "type": "item",
			"rarity": "UNCOMMON",
            "content": "kubejs:lubricating_elixir",
            "amount": {
                "min": 1,
                "max": 4
            },
            "unitWorth": 10
        }
    }
}