{
    "content": {
        "emerald": {
            "type": "item",
			"rarity": "COMMON",
            "content": "minecraft:emerald",
            "amount": {
                "min": 1,
                "max": 16
            },
            "unitWorth": 5
        },
        "prestige_pittance": {
            "type": "item",
			"rarity": "UNCOMMON",
            "content": "kubejs:prestige_pittance",
            "amount": {
                "min": 1,
                "max": 10
            },
            "unitWorth": 25,
			"weightMult": 0.8
        },
		"counterfeit_loyalty": {
            "type": "item",
			"rarity": "UNCOMMON",
            "content": "kubejs:loyalty_point_counterfeit",
            "amount": {
                "min": 1,
                "max": 10
            },
            "unitWorth": 20,
			"weightMult": 0.9
        },
        "copper_coin": {
            "type": "item",
			"rarity": "COMMON",
            "content": "essentiallycurrency:copper_coin",
            "amount": {
                "min": 1,
                "max": 50
            },
            "unitWorth": 1,
			"weightMult": 0.9
        },
        "gold_nugget": {
            "type": "item",
			"rarity": "COMMON",
            "content": "minecraft:gold_nugget",
            "amount": {
                "min": 2,
                "max": 12
            },
            "unitWorth": 1
        },
        "gold_dust": {
            "type": "item",
			"rarity": "COMMON",
            "content": "thermal:gold_dust",
            "amount": {
                "min": 1,
                "max": 4
            },
            "unitWorth": 7
        },
        "gold_ingot": {
            "type": "item",
			"rarity": "COMMON",
            "content": "minecraft:gold_ingot",
            "amount": {
                "min": 1,
                "max": 8
            },
            "unitWorth": 10
        },
        "silver_ingot": {
            "type": "item",
			"rarity": "UNCOMMON",
            "content": "projectred_exploration:silver_ingot",
            "amount": {
                "min": 1,
                "max": 8
            },
            "unitWorth": 15
        }
    }
}