{
	"conditions": [
		{
			"type": "forge:mod_loaded",
			"modid": "quark"
		}
	],
    "type": "quark:crab",
    "name": "entity.quark.crab",
    "name_color": "#8C1202",
    "gui_scale": 1.25,
    "gui_x_offset": 0,
    "gui_y_offset": 0,
    "gui_z_offset": 0,
    "sim_cost": 48,
    "input": {
        "item": "hostilenetworks:empty_prediction"
    },
    "base_drop": {
        "item": "hostilenetworks:overworld_prediction"
    },
	"trivia": "custom.trivia.crab",
    "fabricator_drops": [
        {
            "item": "quark:crab_shell",
            "count": 1
        },
		{
            "item": "quark:crab_leg",
            "count": 8
        }
    ]
}