{
	"conditions": [
		{
			"type": "forge:mod_loaded",
			"modid": "quark"
		}
	],
    "type": "quark:stoneling",
    "name": "entity.quark.stoneling",
    "name_color": "#838383",
    "gui_scale": 1,
    "gui_x_offset": 0,
    "gui_y_offset": 0,
    "gui_z_offset": 0,
    "sim_cost": 384,
    "input": {
        "item": "hostilenetworks:empty_prediction"
    },
    "base_drop": {
        "item": "hostilenetworks:overworld_prediction"
    },
	"trivia": "custom.trivia.stoneling",
	"fabricator_drops": [
		{
            "item": "quark:diamond_heart",
            "count": 1
        },
		{
            "item": "minecraft:golden_apple",
            "count": 4
        },
		{
            "item": "minecraft:coal",
            "count": 8
        },
		{
            "item": "minecraft:diamond",
            "count": 2
        },
		{
            "item": "minecraft:emerald",
            "count": 4
        },
		{
            "item": "minecraft:lapis_lazuli",
            "count": 8
        },
		{
            "item": "minecraft:gold_ingot",
            "count": 8
        },
		{
            "item": "minecraft:iron_ingot",
            "count": 8
        },
		{
            "item": "minecraft:redstone",
            "count": 12
        },
		{
            "item": "minecraft:saddle",
            "count": 1
        },
		{
            "item": "minecraft:name_tag",
            "count": 2
        },
		{
            "item": "minecraft:ender_pearl",
            "count": 4
        },
		{
            "item": "minecraft:creeper_head",
            "count": 1
        },
		{
            "item": "minecraft:zombie_head",
            "count": 1
        }
    ]
}