{
	"conditions": [
		{
			"type": "forge:mod_loaded",
			"modid": "lctech"
		}
	],
	"type": "tconstruct:melting",
	"ingredient": {
		"item": "lctech:energy_trader_server"
	},
	"result": {
		"fluid": "tconstruct:molten_iron",
		"amount": 630
	},
	"byproducts": [
		{
			"fluid": "tconstruct:molten_copper",
			"amount": 360
		},
		{
			"fluid": "tconstruct:molten_ender",
			"amount": 250
		},
		{
			"fluid": "tconstruct:molten_quartz",
			"amount": 200
		}
	],
	"temperature": 800,
	"time": 300
}