{
	"conditions": [
		{
			"type": "forge:mod_loaded",
			"modid": "lctech"
		}
	],
	"type": "tconstruct:melting",
	"ingredient": {
		"item": "lctech:fluid_trader_server_med"
	},
	"result": {
		"fluid": "tconstruct:molten_iron",
		"amount": 1890
	},
	"byproducts": [
		{
			"fluid": "tconstruct:molten_ender",
			"amount": 250
		},
		{
			"fluid": "tconstruct:molten_glass",
			"amount": 16000
		},
		{
			"fluid": "tconstruct:molten_quartz",
			"amount": 200
		}
	],
	"temperature": 800,
	"time": 340
}