{
	"conditions": [
		{
			"type": "forge:mod_loaded",
			"modid": "createaddition"
		}
	],
	"type": "tconstruct:melting",
	"ingredient": {
		"item": "createaddition:modular_accumulator"
	},
	"result": {
		"fluid": "tconstruct:molten_brass",
		"amount": 90
	},
	"byproducts": [
		{
			"fluid": "tconstruct:molten_copper",
			"amount": 225
		},
		{
			"fluid": "tconstruct:molten_electrum",
			"amount": 45
		},
		{
			"fluid": "tconstruct:molten_zinc",
			"amount": 180
		}
	],
	"temperature": 605,
	"time": 260
}