{
	"conditions": [
		{
			"type": "forge:mod_loaded",
			"modid": "createaddition"
		}
	],
	"type": "tconstruct:melting",
	"ingredient": {
		"item": "createaddition:tesla_coil"
	},
	"result": {
		"fluid": "tconstruct:molten_brass",
		"amount": 270
	},
	"byproducts": [
		{
			"fluid": "tconstruct:molten_copper",
			"amount": 720
		},
		{
			"fluid": "tconstruct:molten_iron",
			"amount": 90
		},
		{
			"fluid": "tconstruct:molten_quartz",
			"amount": 100
		},
		{
			"fluid": "tconstruct:molten_zinc",
			"amount": 180
		}
	],
	"temperature": 605,
	"time": 280
}