{
	"display": {
		"icon": {
			"item": "artisanworktables:worktable",
			"data": 3
		},
		"title": {
			"text": "Smithing"
		},
		"description": {
			"text": "In order to forge my metals into something useful, I'll need a strong, solid surface to do it on. And the tools."
		},
		"x": 0,
		"y": 0
	},
	"idea": {
		"amount": 2,
		"ingredients": [
			{
				"type": "forge:ore_dict",
				"ore": "lead"
			},
			{
				"type": "forge:ore_dict",
				"ore": "titanium"
			},
			{
				"type": "forge:ore_dict",
				"ore": "nuggetIron"
			},
			{
				"type": "forge:ore_dict",
				"ore": "ingotIron"
			},
			{
				"type": "forge:ore_dict",
				"ore": "blockIron"
			},
			{
				"type": "forge:ore_dict",
				"ore": "workbench"
			},
			{
				"type": "forge:ore_dict",
				"ore": "artisansHammer"
			},
			{
				"type": "forge:ore_dict",
				"ore": "artisansCarver"
			}
		]
	},
	"research": {
		"type": "ftgumod:match",
		"pattern": [
			"   ",
			"TTT",
			" B "
		],
		"key": {
			"T": {
				"item": [
					{
						"item": "aquaculture:loot",
						"data": 1
					},
					{
						"type": "forge:ore_dict",
						"ore": "lead"
					},
					{
						"type": "forge:ore_dict",
						"ore": "titanium"
					},
					{
						"type": "forge:ore_dict",
						"ore": "nuggetIron"
					},
					{
						"type": "forge:ore_dict",
						"ore": "ingotIron"
					},
					{
						"type": "forge:ore_dict",
						"ore": "blockIron"
					}
				],
				"hint": {
					"text": "Forge Covering"
				},
				"decipher": {
					"decipher": {
						"block": "minecraft:iron_block",
						"data": 0
					},
					"hint": "Quite tough. Will definitely work as a good covering for a blacksmith's forge."
				}
			},
			"B": {
				"item": [
					"minecraft:brick_block",
					{
						"type": "forge:ore_dict",
						"ore": "workbench"
					},
					{
						"item": "minecraft:anvil",
						"data": 0
					},
					{
						"item": "minecraft:anvil",
						"data": 1
					},
					{
						"item": "minecraft:anvil",
						"data": 2
					}
				],
				"hint": {
					"text": "Forge Base"
				},
				"decipher": {
					"decipher": {
						"block": "minecraft:crafting_table",
						"data": 0
					},
					"hint": "Might make for a good forge base."
				}
			}
		}
	},
	"unlock": [
		{
		"item": "artisanworktables:worktable",
		"data": 3
		},
		{
		"item": "artisanworktables:workstation",
		"data": 3
		}
	]
}