{
	"display": {
		"icon": {
			"item": "minecraft:chainmail_chestplate",
			"data": 0
		},
		"title": {
			"text": "Light Forging"
		},
		"description": {
			"text": "Forging iron is the logical first step, but I don't have much for now....maybe I should research a lighter type of metal armour?"
		},
		"x": -2,
		"y": 0
	},
"parent": "adrift:smithing/blacksmith",
	"idea": {
		"amount": 1,
		"ingredients": [
			"#iron",
			"minecraft:chainmail_helmet",
			"minecraft:chainmail_chestplate",
			"minecraft:chainmail_leggings",
			"minecraft:chainmail_boots"
		]
	},
	"unlock": [
		"minecraft:chainmail_helmet",
		"minecraft:chainmail_chestplate",
		"minecraft:chainmail_leggings",
		"minecraft:chainmail_boots"
	]
}