{
	"display": {
		"icon": {
			"item": "minecraft:diamond_chestplate",
			"data": 0
		},
		"title": {
			"text": "Gem Forging"
		},
		"description": {
			"text": "Pristeel is quite nice (as is Iron), but it can only do so much. I need to upgrade to something tougher."
		},
		"x": 0,
		"y": 4
	},
"parent": "adrift:smithing/iron_gear",
	"idea": {
		"amount": 1,
		"ingredients": [
			"#gems"
		]
	},
	"research": {
		"type": "ftgumod:match",
		"pattern": [
			" G ",
			" H ",
			" G "
		],
		"key": {
			"G": {
				"item": "#gems",
				"hint": {
					"text": "Candidates"
				},
				"decipher": {
					"decipher": {
						"block": "minecraft:diamond_block",
						"data": 0
					},
					"hint": "This might help my search..."
				}
			},
			"H": {
				"item": [
					{
						"type": "forge:ore_dict",
						"ore": "artisansHammer"
					}
				],
				"hint": {
					"text": "Smashing Tool"
				}
			}
		}
	},
	"unlock": [
		"minecraft:diamond_helmet",
		"minecraft:diamond_chestplate",
		"minecraft:diamond_leggings",
		"minecraft:diamond_boots",
		"minecraft:diamond_sword",
		"minecraft:diamond_pickaxe",
		"minecraft:diamond_shovel",
		"minecraft:diamond_hoe",
		"minecraft:diamond_axe"
	]
}