{
	"display": {
		"icon": {
			"item": "artisanworktables:worktable",
			"data": 6
		},
		"title": {
			"text": "Engineering"
		},
		"description": {
			"text": "In order to utilize my metals for more advanced projects, I'll need something sturdier and specialized."
		},
		"x": 0,
		"y": -2
	},
"parent": "adrift:smithing/blacksmith",
	"idea": {
		"amount": 3,
		"ingredients": [
			"#terracotta",
			"minecraft:brick",
			"minecraft:brick_block",
			"contenttweaker:iron_rod",
			"contenttweaker:heat_exchanger",
			"contenttweaker:advanced_wiring_kit",
			{
				"item": "waterworks:materials",
				"data": 0
			},
			{
				"item": "waterworks:materials",
				"data": 1
			},
			{
				"type": "forge:ore_dict",
				"ore": "workbench"
			},
			{
				"item": "artisanworktables:worktable",
				"data": 32767
			},
			{
				"item": "minecraft:anvil",
				"data": 0
			},
			{
				"item": "minecraft:anvil",
				"data": 1
			},
			{
				"item": "minecraft:anvil",
				"data": 2
			},
			{
				"type": "forge:ore_dict",
				"ore": "gold"
			},
			{
				"type": "forge:ore_dict",
				"ore": "silver"
			},
			{
				"type": "forge:ore_dict",
				"ore": "titanium"
			},
			{
				"type": "forge:ore_dict",
				"ore": "nuggetGold"
			},
			{
				"type": "forge:ore_dict",
				"ore": "ingotGold"
			},
			{
				"type": "forge:ore_dict",
				"ore": "blockGold"
			},
			{
				"type": "forge:ore_dict",
				"ore": "nuggetIron"
			},
			{
				"type": "forge:ore_dict",
				"ore": "ingotIron"
			},
			{
				"type": "forge:ore_dict",
				"ore": "blockIron"
			},
			{
				"type": "forge:ore_dict",
				"ore": "artisansHammer"
			},
			{
				"type": "forge:ore_dict",
				"ore": "artisansPliers"
			},
			{
				"type": "forge:ore_dict",
				"ore": "artisansSpanner"
			}
		]
	},
	"research": {
		"type": "ftgumod:match",
		"pattern": [
			"   ",
			"TTT",
			" B "
		],
		"key": {
			"T": {
				"item": [
					"minecraft:brick",
					{
						"item": "aquaculture:loot",
						"data": 1
					},
					{
						"type": "forge:ore_dict",
						"ore": "lead"
					},
					{
						"type": "forge:ore_dict",
						"ore": "titanium"
					},
					{
						"type": "forge:ore_dict",
						"ore": "ingotConstructionAlloy"
					},
					{
						"type": "forge:ore_dict",
						"ore": "nuggetIron"
					},
					{
						"type": "forge:ore_dict",
						"ore": "ingotIron"
					},
					{
						"type": "forge:ore_dict",
						"ore": "blockIron"
					}
				],
				"hint": {
					"text": "Table Top"
				},
				"decipher": {
					"decipher": {
						"block": "minecraft:iron_block",
						"data": 0
					},
					"hint": "Tough. Will definitely work as a good table to engineer on."
				}
			},
			"B": {
				"item": [
					{
						"type": "forge:ore_dict",
						"ore": "workbench"
					},
					{
						"item": "artisanworktables:worktable",
						"data": 32767
					},
					{
						"item": "minecraft:anvil",
						"data": 0
					},
					{
						"item": "minecraft:anvil",
						"data": 1
					},
					{
						"item": "minecraft:anvil",
						"data": 2
					}
				],
				"hint": {
					"text": "Forge Base"
				},
				"decipher": {
					"decipher": {
						"block": "minecraft:anvil",
						"data": 32767
					},
					"hint": "Very strong. Will definitely make for a good engineering base."
				}
			}
		}
	},
	"unlock": [
		{
		"item": "artisanworktables:worktable",
		"data": 6
		},
		{
			"type": "forge:ore_dict",
			"ore": "artisansSolderer"
		}
	]
}