{
	"display": {
		"icon": {
			"item": "minecraft:iron_chestplate",
			"data": 0
		},
		"title": {
			"text": "Basic Forging"
		},
		"description": {
			"text": "Now that I can forge things, I need to research something *to* forge."
		},
		"x": 0,
		"y": 2
	},
"parent": "adrift:smithing/blacksmith",
	"idea": {
		"amount": 3,
		"ingredients": [
			"#iron",
			"better_diving:lead",
			"better_diving:gold",
			"better_diving:titanium",
			"better_diving:silver_ore",
			"better_diving:copper_ore",
			"minecraft:prismarine_shard",
			{
				"type": "forge:ore_dict",
				"ore": "ingotGold"
			}
		]
	},
	"research": {
		"type": "ftgumod:match",
		"pattern": [
			"III",
			"III",
			"III"
		],
		"key": {
			"I": {
				"item": "#iron",
				"hint": {
					"text": "Decision"
				},
				"decipher": {
					"decipher": {
						"block": "minecraft:iron_block",
						"data": 0
					},
					"hint": "I should use this. It would make for the perfect mid-tier equipment."
				}
			}
		}
	},
	"unlock": [
		"minecraft:iron_helmet",
		"minecraft:iron_chestplate",
		"minecraft:iron_leggings",
		"minecraft:iron_boots",
		"minecraft:iron_sword",
		"minecraft:iron_pickaxe",
		"minecraft:iron_shovel",
		"minecraft:iron_hoe",
		"minecraft:iron_axe"
	]
}