{
	"display": {
		"icon": {
			"item": "aquaculture:neptunium_chestplate",
			"data": 0
		},
		"title": {
			"text": "Neptune's Forge"
		},
		"description": {
			"text": "It seems the god of the sea has blessed me with some of his alloy. It's quite resiliant, I should research it futher."
		},
		"x": 0,
		"y": 6
	},
"parent": "adrift:smithing/diamond_gear",
	"idea": {
		"amount": 1,
		"ingredients": [
			{
				"item": "aquaculture:loot",
				"data": 7
			},
			{
				"item": "aquaculture:loot",
				"data": 1
			},
		"aquaculture:neptunium_helmet",
		"aquaculture:neptunium_chestplate",
		"aquaculture:neptunium_leggings",
		"aquaculture:neptunium_boots",
		"aquaculture:neptunium_sword",
		"aquaculture:neptunium_pickaxe",
		"aquaculture:neptunium_shovel",
		"aquaculture:neptunium_hoe",
		"aquaculture:neptunium_axe"
		]
	},
	"unlock": [
		"aquaculture:neptunium_helmet",
		"aquaculture:neptunium_chestplate",
		"aquaculture:neptunium_leggings",
		"aquaculture:neptunium_boots",
		"aquaculture:neptunium_sword",
		"aquaculture:neptunium_pickaxe",
		"aquaculture:neptunium_shovel",
		"aquaculture:neptunium_hoe",
		"aquaculture:neptunium_axe"
	]
}