{
	"display": {
		"icon": {
			"item": "minecraft:blaze_powder",
			"data": 0
		},
		"title": {
			"text": "Powder Processing"
		},
		"description": {
			"text": "I'm sure Blaze Rods contain more powder, I just need to find a better method to extract it with..."
		},
		"x": 2,
		"y": 0
	},
"parent": "adrift:smithing/blacksmith",
	"idea": {
		"amount": 1,
		"ingredients": [
			"minecraft:blaze_powder",
			"minecraft:blaze_rod",
			{
				"type": "forge:ore_dict",
				"ore": "artisansHammer"
			}
		]
	},
	"research": {
		"type": "ftgumod:match",
		"pattern": [
			"HB ",
			"   ",
			"   "
		],
		"key": {
			"B": {
				"item": "minecraft:blaze_rod",
				"hint": {
					"text": "Fiery Rod"
				}
			},
			"H": {
				"item": [
					{
						"type": "forge:ore_dict",
						"ore": "artisansHammer"
					}
				],
				"hint": {
					"text": "Smashing Tool"
				}
			}
		}
	},
	"unlock": []
}