{
	"display": {
		"icon": {
			"item": "pristeel:pristeel_chestplate",
			"data": 0
		},
		"title": {
			"text": "Advanced Forging"
		},
		"description": {
			"text": "Iron is good, but I'm sure I could craft something better, if only I had the materials...and knowledge"
		},
		"x": -2,
		"y": 2
	},
"parent": "adrift:smithing/iron_gear",
	"idea": {
		"amount": 2,
		"ingredients": [
			"#prismarine",
			{
				"type": "forge:ore_dict",
				"ore": "ingotIron"
			}
		]
	},
	"research": {
		"type": "ftgumod:match",
		"pattern": [
			"II ",
			"PP ",
			"   "
		],
		"key": {
			"I": {
				"item": "minecraft:iron_ingot",
				"hint": {
					"text": "Alloy Base"
				},
				"decipher": {
					"decipher": {
						"block": "minecraft:iron_block",
						"data": 0
					},
					"hint": "Iron would make for a good alloy base."
				}
			},
			"P": {
				"item": "#prismarine",
				"hint": {
					"text": "Alloy Catalyst"
				},
				"decipher": {
					"decipher": {
						"block": "minecraft:prismarine",
						"data": 0
					},
					"hint": "This might be what I'm looking for... if only it were in pieces."
				}
			}
		}
	},
	"unlock": [
		"pristeel:pristeel_block",
		"pristeel:pristeel_ingot",
		"pristeel:pristeel_helmet",
		"pristeel:pristeel_chestplate",
		"pristeel:pristeel_legs",
		"pristeel:pristeel_boots",
		"pristeel:pristeel_sword",
		"pristeel:pristeel_pickaxe",
		"pristeel:pristeel_shovel",
		"pristeel:pristeel_hoe",
		"pristeel:pristeel_axe",
		"pristeel:pristeel_dagger"
	]
}