{
	"display": {
		"icon": {
			"item": "cookingforblockheads:recipe_book",
			"data": 1
		},
		"title": {
			"text": "3) Cooking"
		},
		"description": {
			"text": "Although cooked food is better than nothing, I would like to have some proper meals. Alas, that would require a kitchen..."
		},
		"x": 0,
		"y": 0
	},
	"idea": {
		"amount": 2,
		"ingredients": [
			"#food",
			"#stone",
			"#terracotta",
			"#cobblestone",
			"minecraft:furnace",
			"ironfurnaces:iron_furnace_idle",
			"ironfurnaces:gold_furnace_idle",
			"ironfurnaces:diamond_furnace_idle",
			"ironfurnaces:obsidian_furnace_idle",
			{
				"type": "forge:ore_dict",
				"ore": "workbench"
			}
		]
	},
	"unlock": [
		{
			"item": "cookingforblockheads:recipe_book",
			"data": 0
		},
		{
			"item": "cookingforblockheads:recipe_book",
			"data": 1
		},
		{
			"item": "cookingforblockheads:recipe_book",
			"data": 2
		}
	]
}