{
	"display": {
		"icon": {
			"item": "cookingforblockheads:counter",
			"data": 0
		},
		"title": {
			"text": "Kitchen Decor"
		},
		"description": {
			"text": "I could make a few counters and cabinets to store my various cooking utencils, as well as some extra dry foods."
		},
		"x": -2,
		"y": 2
	},
	"parent": "fgts:cooking/kitchen",
	"idea": {
		"amount": 1,
		"ingredients": [
			"#stone",
			"#concrete",
			"#terracotta",
			"#cobblestone",
			{
				"type": "forge:ore_dict",
				"ore": "chestWood"
			},
			{
				"type": "forge:ore_dict",
				"ore": "chestStone"
			},
			{
				"type": "forge:ore_dict",
				"ore": "blockCoal"
			},
			{
				"type": "forge:ore_dict",
				"ore": "blockCharcoal"
			},
			{
				"type": "forge:ore_dict",
				"ore": "blockQuartz"
			}
		]
	},
	"unlock": [
		"cookingforblockheads:cabinet",
		"cookingforblockheads:counter",
		"cookingforblockheads:corner",
		"cookingforblockheads:kitchen_floor"
	]
}