{
	"display": {
		"icon": {
			"item": "cookingforblockheads:fruit_basket",
			"data": 0
		},
		"title": {
			"text": "Kitchen Storage"
		},
		"description": {
			"text": "Although cooked food is better than nothing, I would like to have some proper meals. Alas, that would require a kitchen..."
		},
		"x": 2,
		"y": 2
	},
	"parent": "fgts:cooking/kitchen",
	"idea": {
		"amount": 2,
		"ingredients": [
			"#food",
			"#stone",
			"#terracotta",
			"#cobblestone",
			"minecraft:furnace",
			"ironfurnaces:iron_furnace_idle",
			"ironfurnaces:gold_furnace_idle",
			"ironfurnaces:diamond_furnace_idle",
			"ironfurnaces:obsidian_furnace_idle",
			{
				"type": "forge:ore_dict",
				"ore": "workbench"
			}
		]
	},
	"unlock": [
		"cookingforblockheads:fridge",
		"cookingforblockheads:counter",
		"cookingforblockheads:cabinet",
		"cookingforblockheads:tool_rack",
		"cookingforblockheads:spice_rack",
		"cookingforblockheads:fruit_basket"
	]
}