{
	"display": {
		"icon": {
			"item": "cookingforblockheads:cooking_table",
			"data": 0
		},
		"title": {
			"text": "Basic Kitchen"
		},
		"description": {
			"text": "A proper kitchen would help me greatly by enabling me to quickly check on and then cook various types of food"
		},
		"x": 0,
		"y": 2
	},
	"parent": "fgts:cooking/cooking",
	"idea": {
		"amount": 3,
		"ingredients": [
			"#food",
			"#stone",
			"#terracotta",
			"#knowledge",
			"#cobblestone",
			"minecraft:furnace",
			"ironfurnaces:iron_furnace_idle",
			"ironfurnaces:gold_furnace_idle",
			"ironfurnaces:diamond_furnace_idle",
			"ironfurnaces:obsidian_furnace_idle",
			{
				"type": "forge:ore_dict",
				"ore": "workbench"
			}
		]
	},
	"research": {
		"type": "ftgumod:match",
		"pattern": [
			"SSS",
			"TCT",
			"TTT"
		],
		"key": {
			"S": {
				"item": [
					"#concrete",
					"#terracotta",
					{
						"type": "forge:ore_dict",
						"ore": "cobblestone"
					},
					{
						"type": "forge:ore_dict",
						"ore": "stone"
					}
				],
				"hint": {
					"text": "Sterile Countertop"
				},
				"decipher": {
					"decipher": {
						"block": "minecraft:concrete",
						"data": 32767
					},
					"hint": "This is quite sterile. It would make for a perfect countertop."
				}
			},
			"T": {
				"item": [
					"#terracotta",
					{
						"type": "forge:ore_dict",
						"ore": "hardenedClay"
					},
					{
						"type": "forge:ore_dict",
						"ore": "stoneBasalt"
					},
					{
						"item": "chisel:bricks",
						"data": 32767
					},
					{
						"type": "forge:ore_dict",
						"ore": "oreGold"
					},
					{
						"type": "forge:ore_dict",
						"ore": "blockGold"
					},
					{
						"type": "forge:ore_dict",
						"ore": "ingotGold"
					},
					{
						"type": "forge:ore_dict",
						"ore": "nuggetGold"
					},
					{
						"type": "forge:ore_dict",
						"ore": "dustGold"
					}
				],
				"hint": {
					"text": "Aesthetic Shell"
				},
				"decipher": {
					"decipher": {
						"block": "minecraft:hardened_clay",
						"data": 32767
					},
					"hint": "This is quite sturdy, and it looks nice to boot. It would make for a great cabinet or counter."
				}
			},
			"C": {
				"item": [
					"#knowledge"
				],
				"hint": {
					"text": "Cookbook"
				}
			}
		}
	},
	"unlock": [
		"cookingforblockheads:cooking_table",
		"cookingforblockheads:oven",
		"cookingforblockheads:sink",
		"cookingforblockheads:milk_jar",
		"cookingforblockheads:toaster"
	]
}