{
	"display": {
		"icon": {
			"item": "cookingforblockheads:ice_unit",
			"data": 0
		},
		"title": {
			"text": "Kitchen Upgrades"
		},
		"description": {
			"text": "I could make some minor improvements to my kitchen, but I doubt it will be required."
		},
		"x": 0,
		"y": 4
	},
	"parent": "fgts:cooking/kitchen",
	"idea": {
		"amount": 3,
		"ingredients": [
			"#hot",
			"#cold",
			"minecraft:repeater",
			"minecraft:redstone",
			"minecraft:comparator",
			"minecraft:redstone_torch",
			"minecraft:redstone_block",
			{
				"type": "forge:ore_dict",
				"ore": "blockIron"
			},
			{
				"type": "forge:ore_dict",
				"ore": "oreIron"
			},
			{
				"type": "forge:ore_dict",
				"ore": "ingotIron"
			},
			{
				"type": "forge:ore_dict",
				"ore": "nuggetIron"
			},
			{
				"type": "forge:ore_dict",
				"ore": "dustIron"
			},
			{
				"item": "extrautils2:ingredients",
				"data": 0
			},
			{
				"item": "extrautils2:ingredients",
				"data": 2
			}
		]
	},
	"research": {
		"type": "ftgumod:match",
		"pattern": [
			"   ",
			"UUU",
			"BBB"
		],
		"key": {
			"U": {
				"item": [
					"#concrete",
					"#terracotta",
					{
					"type": "forge:ore_dict",
					"ore": "cobblestone"
					},
					{
					"type": "forge:ore_dict",
					"ore": "stone"
					}
				],
				"hint": {
					"text": "Upgrade Enchancer"
				},
				"decipher": {
					"decipher": {
						"block": "minecraft:iron_block",
						"data": 0
					},
					"hint": "This is quite sterile. It would make for a perfect countertop."
				}
			},
			"B": {
				"item": [
					"#concrete",
					"#terracotta",
					{
					"type": "forge:ore_dict",
					"ore": "cobblestone"
					},
					{
					"type": "forge:ore_dict",
					"ore": "stone"
					}
				],
				"hint": {
					"text": "Upgrade Base"
				},
				"decipher": {
					"decipher": {
						"block": "minecraft:iron_block",
						"data": 0
					},
					"hint": "Iron can conduct electricity quite well. Perhaps it could be used as a basis for some upgrades?"
				}
			}
		},
	"unlock": [
		"cookingforblockheads:ice_unit",
		"cookingforblockheads:heating_unit",
		"cookingforblockheads:preservation_unit"
	]
  }
}