{
	"conditions": [
		{
			"type": "forge:mod_loaded",
			"modid": "lightmanscurrency"
		}
	],
	"type": "tconstruct:melting",
	"ingredient": [
		{
			"item": "lightmanscurrency:terminal"
		},
		{
			"item": "lightmanscurrency:portable_terminal"
		}
	],
	"result": {
		"fluid": "tconstruct:molten_iron",
		"amount": 180
	},
	"byproducts": [
		{
			"fluid": "tconstruct:molten_glass",
			"amount": 2000
		},
		{
			"fluid": "tconstruct:molten_ender",
			"amount": 250
		}
	],
	"temperature": 800,
	"time": 340
}